Rank,Name,Team,Position,Played,SoloTackles,AssistedTackles,TacklesForLoss,Sacks,SackYards,QuarterbackHits,PassesDefended,Interceptions,FumblesForced,FumblesRecovered,DefensiveTouchdowns,FantasyPointsPerGame,FantasyPoints,Year
1,JJ Watt,HOU,DE,16,57,19,29,17.5,117.5,50,8,0,3,1,0,13.3,212.25,2015
2,Lavonte David,TB,OLB,16,85,62,10,3.0,17.0,5,13,3,2,2,1,11.2,178.7,2015
3,Reshad Jones,MIA,FS,16,106,29,9,2.0,13.0,2,10,5,0,1,2,10.9,174.8,2015
4,D'Qwell Jackson,IND,ILB,16,89,61,10,3.0,12.0,3,10,1,2,2,1,10.7,170.7,2015
5,Khalil Mack,OAK,OLB,16,57,20,23,15.0,89.0,24,2,0,4,0,0,10.6,168.9,2015
6,NaVorro Bowman,SF,ILB,16,116,38,7,2.5,18.5,8,2,0,1,0,0,10.1,161.85,2015
7,Telvin Smith,JAX,OLB,14,99,29,13,2.5,3.0,3,7,1,2,1,1,11.4,159.8,2015
8,Thomas Davis,CAR,OLB,16,75,30,8,5.5,44.0,12,7,4,4,1,0,10.0,159.4,2015
9,Malcolm Smith,OAK,OLB,16,99,23,12,4.0,22.0,6,6,1,3,0,0,9.8,156.7,2015
10,Paul Posluszny,JAX,ILB,14,103,30,13,1.0,10.0,7,6,3,0,0,0,11.1,156.0,2015
11,Deone Bucannon,ARI,ILB,16,90,19,11,3.0,18.0,6,3,1,3,2,1,9.5,151.3,2015
12,Ezekiel Ansah,DET,DE,16,39,8,15,14.5,99.0,34,1,0,4,2,0,9.4,149.9,2015
13,CJ Mosley,BAL,ILB,16,76,40,13,4.0,18.0,9,7,0,1,2,1,9.4,149.8,2015
14,Derrick Johnson,KC,ILB,16,95,21,8,4.0,23.0,5,8,2,2,0,0,9.3,148.8,2015
15,Luke Kuechly,CAR,ILB,13,76,42,7,1.0,5.0,5,10,4,2,1,1,11.4,148.5,2015
16,Aaron Donald,LAR,DT,16,44,25,22,11.0,59.5,37,1,0,0,1,0,9.2,147.45,2015
17,Carlos Dunlap,CIN,DE,16,37,18,16,13.5,91.5,34,1,0,3,1,0,9.1,145.15,2015
18,Corey Graham,BUF,FS,16,91,31,4,1.0,1.0,8,4,2,0,2,1,8.9,142.6,2015
19,Tyrann Mathieu,ARI,FS,14,80,9,11,1.0,9.0,3,17,5,1,0,1,10.2,142.4,2015
20,Melvin Ingram,LAC,DE,16,52,13,14,10.5,73.5,20,6,0,4,1,0,8.9,141.85,2015
21,Muhammad Wilkerson,NYJ,DE,16,39,25,11,12.0,98.5,28,7,0,3,0,0,8.8,140.35,2015
22,Lawrence Timmons,PIT,OLB,16,77,42,6,5.0,36.5,10,6,1,1,0,0,8.7,139.65,2015
23,Malcolm Jenkins,PHI,SS,16,86,18,9,0.0,0.0,0,10,2,3,1,1,8.6,138.0,2015
24,Fletcher Cox,PHI,DT,16,50,21,11,9.5,71.5,20,2,0,3,2,0,8.4,134.65,2015
25,Jamie Collins,NE,OLB,12,51,38,8,5.5,32.5,7,6,1,5,1,1,11.0,132.25,2015
26,Karlos Dansby,CLE,ILB,16,62,46,5,0.0,0.0,6,6,3,3,0,2,8.2,132.0,2015
27,Bobby Wagner,SEA,ILB,15,67,47,2,0.5,4.5,4,7,0,2,3,2,8.8,131.95,2015
28,Mark Barron,LAR,ILB,16,76,37,16,1.0,5.0,4,5,0,3,0,0,8.2,131.0,2015
29,Sean Lee,DAL,OLB,14,76,52,11,2.5,16.0,3,5,1,0,0,0,9.3,130.6,2015
30,Kawann Short,CAR,DT,16,36,19,16,11.0,91.0,18,4,0,3,2,0,8.1,129.6,2015
31,Stephone Anthony,NO,OLB,16,70,42,5,1.0,8.0,4,5,1,2,1,1,8.0,127.8,2015
32,Von Miller,DEN,OLB,16,30,5,9,11.0,78.0,32,1,0,4,3,0,7.8,125.3,2015
33,KJ Wright,SEA,OLB,16,71,45,4,1.0,11.0,2,3,0,4,2,0,7.7,123.6,2015
34,Marcus Peters,KC,CB,16,53,7,2,0.0,0.0,0,26,8,1,0,2,7.7,123.5,2015
35,Cliff Avril,SEA,DE,16,31,16,11,9.0,64.0,27,7,0,4,1,0,7.7,123.4,2015
36,Michael Bennett,SEA,DE,16,33,19,18,10.0,61.0,30,0,0,2,0,0,7.7,122.6,2015
37,David Harris,NYJ,LB,16,67,41,6,4.5,20.5,7,5,0,2,0,0,7.7,122.55,2015
38,Preston Brown,BUF,ILB,16,63,54,3,0.0,0.0,6,4,2,1,1,1,7.6,121.0,2015
39,Jerrell Freeman,IND,ILB,13,66,46,2,3.0,33.0,6,2,1,0,1,1,9.3,120.3,2015
40,Kwon Alexander,TB,ILB,12,59,34,6,3.0,21.5,5,9,2,2,1,0,9.9,119.15,2015
41,Ron Parker,KC,SS,16,67,11,6,5.0,16.0,5,12,3,1,0,0,7.4,119.1,2015
42,Kenny Vaccaro,NO,SS,16,71,33,6,3.0,36.0,4,5,0,1,1,0,7.4,118.1,2015
43,Josh Norman,CAR,CB,16,48,8,0,0.0,0.0,0,18,4,5,3,2,7.4,118.0,2015
44,Brandon Marshall,DEN,ILB,16,76,25,9,1.5,10.5,3,4,1,2,0,0,7.3,117.55,2015
45,Everson Griffen,MIN,DE,15,34,10,14,10.5,65.0,30,4,0,1,0,0,7.8,117.5,2015
46,Daryl Smith,BAL,OLB,16,72,49,2,3.0,19.5,5,3,1,0,0,0,7.3,117.45,2015
47,Kurt Coleman,CAR,SS,15,53,35,5,1.0,7.0,2,9,7,0,0,1,7.7,116.2,2015
48,Ha'Sean Clinton-Dix,GB,FS,16,82,17,3,3.0,14.0,3,3,2,1,0,0,7.2,115.9,2015
49,Clay Matthews,GB,ILB,16,49,17,13,6.5,40.5,19,3,1,0,1,0,7.2,115.55,2015
50,Ryan Shazier,PIT,ILB,12,55,32,10,3.5,34.5,8,4,1,2,1,0,9.6,115.45,2015
51,Stephen Tulloch,DET,ILB,16,74,33,8,1.0,8.0,4,1,0,1,2,0,7.2,115.3,2015
52,Landon Collins,NYG,SS,16,80,28,5,0.0,0.0,1,9,1,1,0,0,7.2,115.0,2015
53,Cameron Jordan,NO,DE,16,32,13,15,10.0,67.0,20,5,0,1,2,0,7.1,114.2,2015
54,Dashon Goldson,WAS,FS,15,72,38,1,0.0,0.0,1,3,1,1,2,1,7.6,114.0,2015
55,Danny Trevathan,DEN,ILB,15,74,36,1,0.0,0.0,2,6,2,0,0,1,7.5,113.0,2015
56,Trumaine Johnson,LAR,CB,15,58,13,1,0.0,0.0,0,17,7,0,1,1,7.5,112.5,2015
57,Bashaud Breeland,WAS,CB,15,59,22,5,0.0,0.0,0,16,2,3,2,0,7.5,112.0,2015
58,James Laurinaitis,LAR,ILB,16,61,48,3,1.0,8.0,9,1,1,2,0,0,7.0,111.8,2015
59,Eric Kendricks,MIN,ILB,14,72,20,8,4.0,23.0,8,1,0,0,0,0,7.8,109.3,2015
60,Calais Campbell,ARI,DE,16,46,15,16,5.0,36.5,20,3,0,0,1,0,6.8,109.15,2015
61,Reggie Nelson,CIN,FS,16,52,22,2,0.0,0.0,0,14,8,0,2,0,6.8,109.0,2015
61,Whitney Mercilus,HOU,OLB,16,32,18,14,12.0,60.0,16,2,0,1,1,0,6.8,109.0,2015
63,Walter Thurmond,PHI,S,16,52,19,4,2.0,9.0,2,7,3,3,1,1,6.8,108.4,2015
64,Mike Adams,IND,FS,13,52,23,1,1.0,8.0,2,6,5,3,1,1,8.3,108.3,2015
65,Geno Atkins,CIN,DT,16,31,11,17,11.0,86.0,21,0,0,1,0,0,6.8,108.1,2015
65,Ndamukong Suh,MIA,NT,16,39,22,17,6.0,41.0,20,5,0,0,0,0,6.8,108.1,2015
67,Jeremiah Attaochu,LAC,OLB,15,42,10,15,6.0,39.0,17,1,0,1,1,1,7.2,107.9,2015
68,Avery Williamson,TEN,ILB,15,63,39,5,3.5,28.5,6,1,1,0,0,0,7.2,107.35,2015
69,Olivier Vernon,MIA,DE,16,41,20,9,7.5,56.5,26,0,0,0,0,0,6.7,106.65,2015
70,Paul Worrilow,ATL,OLB,15,67,28,5,0.0,0.0,4,4,2,1,1,0,7.1,106.0,2015
71,Chandler Jones,NE,DE,15,31,13,4,12.5,89.5,13,2,1,4,0,0,7.0,105.45,2015
72,Charles Woodson,OAK,SS,16,59,15,0,0.0,0.0,0,9,5,2,3,0,6.6,105.2,2015
73,Wesley Woodyard,TEN,ILB,16,51,33,5,5.0,38.0,6,0,0,1,1,1,6.5,104.3,2015
74,Kelvin Sheppard,MIA,OLB,16,75,30,12,0.0,0.0,0,2,0,0,0,0,6.5,104.0,2015
74,Jonathan Cyprien,JAX,SS,14,77,30,1,0.0,0.0,0,2,1,1,1,0,7.4,104.0,2015
76,Will Allen,PIT,SS,13,62,18,1,4.0,29.0,4,8,1,2,0,0,8.0,103.9,2015
77,David Amerson,OAK,CB,16,54,5,0,0.0,0.0,0,26,4,1,0,1,6.5,103.5,2015
78,Kevin Minter,ARI,ILB,16,72,22,8,0.5,3.5,6,2,0,1,0,0,6.5,103.35,2015
79,Antwon Blake,PIT,CB,16,65,12,2,1.0,10.0,1,11,2,1,0,1,6.4,103.0,2015
80,Tony Jefferson,ARI,SS,16,55,19,4,2.0,12.0,3,5,2,3,0,1,6.4,102.7,2015
81,Mike Mitchell,PIT,SS,16,58,22,0,0.0,0.0,3,9,3,2,2,0,6.4,102.0,2015
82,Connor Barwin,PHI,OLB,16,44,10,9,7.0,39.0,16,7,0,1,0,0,6.4,101.9,2015
83,Mychal Kendricks,PHI,OLB,13,61,21,9,3.0,21.0,7,3,0,1,0,0,7.8,101.6,2015
84,Anthony Barr,MIN,OLB,14,54,14,4,3.5,20.0,8,7,1,3,0,0,7.2,101.0,2015
85,Demarcus Lawrence,DAL,DE,16,35,20,14,8.0,71.0,12,0,0,1,1,0,6.3,100.1,2015
86,Dominique Rodgers-Cromartie,NYG,CB,15,52,6,2,0.0,0.0,0,13,3,2,1,2,6.7,100.0,2015
86,Barry Church,DAL,SS,15,75,38,2,0.0,0.0,1,0,0,1,0,0,6.7,100.0,2015
86,Rodney McLeod,LAR,FS,16,59,22,1,0.0,0.0,0,5,1,4,1,1,6.2,100.0,2015
89,Pernell McPhee,CHI,OLB,14,42,11,9,6.0,41.0,18,3,1,1,0,0,7.1,99.6,2015
90,Brian Cushing,HOU,ILB,16,63,47,4,0.0,0.0,2,3,0,1,0,0,6.2,98.5,2015
90,Aaron Colvin,JAX,CB,16,60,13,6,4.0,40.0,4,7,0,1,0,0,6.2,98.5,2015
92,Chris Baker,WAS,NT,16,26,27,10,6.0,34.0,17,1,0,3,2,0,6.1,97.9,2015
93,Tamba Hali,KC,OLB,15,39,9,11,6.5,53.0,18,1,0,2,0,0,6.5,97.8,2015
94,Ryan Kerrigan,WAS,OLB,16,33,9,12,9.5,70.5,13,3,0,2,0,0,6.1,97.55,2015
95,Cameron Heyward,PIT,DE,16,39,15,15,7.0,35.0,13,2,0,1,0,0,6.1,97.0,2015
96,Dwight Lowery,IND,FS,16,56,20,0,1.0,7.0,2,8,4,0,0,1,6.0,96.7,2015
97,Davon House,JAX,CB,16,49,11,1,0.0,0.0,0,23,4,1,1,0,6.0,96.5,2015
98,Demario Davis,NYJ,OLB,16,57,32,4,2.0,14.0,9,2,0,0,1,0,6.0,96.4,2015
99,Rolando McClain,DAL,ILB,11,50,30,9,2.0,11.0,5,3,1,0,0,1,8.7,96.1,2015
100,Rob Ninkovich,NE,OLB,16,33,19,6,6.5,45.0,17,7,0,1,1,0,6.0,96.0,2015
101,Brandon Graham,PHI,DE,16,39,12,11,6.5,35.5,10,1,0,4,0,0,6.0,95.55,2015
102,Michael Griffin,TEN,SS,15,66,34,2,1.0,7.0,1,3,1,0,0,0,6.3,94.7,2015
103,Ronald Darby,BUF,CB,15,61,7,3,0.0,0.0,0,21,2,0,0,0,6.3,94.5,2015
104,Vincent Rey,CIN,OLB,16,62,33,3,1.0,8.0,2,5,1,0,0,0,5.9,94.3,2015
105,Logan Ryan,NE,CB,16,58,16,2,0.0,0.0,0,14,4,0,0,0,5.9,94.0,2015
106,Jerry Hughes,BUF,DE,16,37,15,8,5.0,63.0,12,4,0,2,1,0,5.9,93.8,2015
107,Elvis Dumervil,BAL,DE,16,29,19,8,6.0,33.0,21,1,0,1,2,0,5.8,92.8,2015
108,Brian Orakpo,TEN,OLB,16,38,13,12,7.0,42.0,10,5,0,1,0,0,5.8,92.7,2015
109,Chris Conte,TB,FS,14,58,20,6,0.0,0.0,0,6,2,2,0,0,6.6,92.0,2015
110,Jabaal Sheard,NE,DE,13,28,9,9,8.0,83.0,12,2,0,4,0,0,7.1,91.8,2015
111,Robert Ayers Jr,NYG,DE,12,31,10,3,9.5,56.0,21,4,0,1,0,0,7.6,91.6,2015
112,Shaquil Barrett,DEN,OLB,16,28,13,8,5.5,39.0,12,4,0,4,2,0,5.7,91.4,2015
113,Jonathan Casillas,NYG,OLB,15,62,18,5,2.0,12.0,2,5,1,0,0,0,6.1,91.2,2015
114,William Hayes,LAR,DE,16,36,17,12,5.5,36.0,14,0,0,2,0,0,5.7,91.1,2015
115,Manti Te'o,LAC,ILB,12,62,20,4,0.5,0.5,3,2,1,2,0,0,7.6,91.05,2015
116,Justin Houston,KC,OLB,11,25,5,9,7.5,54.0,13,6,2,1,0,1,8.3,90.9,2015
117,Brad McDougald,TB,SS,16,67,20,2,0.0,0.0,1,4,2,0,0,0,5.6,90.0,2015
118,Captain Munnerlyn,MIN,DB,16,51,4,4,1.0,9.0,2,4,2,2,2,1,5.6,89.9,2015
119,Jaye Howard,KC,DE,16,36,21,11,5.5,33.0,9,0,0,1,2,0,5.6,89.8,2015
120,Josh Bynes,DET,ILB,16,56,26,5,0.5,5.5,3,5,0,2,0,0,5.6,89.55,2015
121,Vontaze Burfict,CIN,OLB,10,57,17,6,1.0,10.0,4,5,2,0,0,0,9.0,89.5,2015
122,Jurrell Casey,TEN,NT,16,34,20,11,7.0,41.5,13,3,0,0,0,0,5.6,89.15,2015
123,Aaron Lynch,SF,OLB,14,30,8,13,6.5,50.5,21,3,0,0,0,0,6.4,89.05,2015
124,Julius Peppers,GB,DE,16,25,12,9,10.5,57.0,16,0,0,2,0,0,5.5,88.7,2015
125,Harrison Smith,MIN,FS,13,49,17,3,1.5,11.0,6,3,2,1,0,1,6.8,88.6,2015
126,Chad Greenway,MIN,OLB,16,56,13,5,2.5,9.0,5,1,1,0,0,1,5.5,88.4,2015
127,Lamarr Houston,CHI,OLB,16,36,6,11,8.0,63.0,13,0,0,0,1,0,5.5,88.3,2015
128,Janoris Jenkins,LAR,CB,15,56,8,1,0.0,0.0,0,15,3,1,0,0,5.9,88.0,2015
129,Glover Quin,DET,FS,16,56,11,0,0.0,0.0,0,5,4,1,0,1,5.5,87.5,2015
130,Stephon Tuitt,PIT,DE,14,39,15,8,6.5,38.0,12,1,1,0,0,0,6.2,87.3,2015
131,Marcus Gilchrist,NYJ,FS,16,60,22,0,0.0,0.0,0,7,3,0,0,0,5.4,87.0,2015
132,Bacarri Rambo,BUF,FS,15,46,14,0,1.0,8.0,4,6,1,5,1,0,5.8,86.8,2015
133,Will Compton,WAS,ILB,16,51,42,1,1.0,7.0,2,3,1,0,1,0,5.4,86.7,2015
134,Darian Stewart,DEN,SS,15,46,13,2,0.0,0.0,1,10,1,2,4,0,5.8,86.5,2015
134,DJ Hayden,OAK,CB,16,64,6,3,1.0,5.0,0,8,1,1,0,0,5.4,86.5,2015
134,Ricardo Allen,ATL,SS,15,59,9,0,1.0,0.0,1,5,3,0,2,0,5.8,86.5,2015
134,Damarious Randall,GB,SS,15,51,5,1,0.0,0.0,0,14,3,0,1,1,5.8,86.5,2015
138,Brandon Carr,DAL,CB,16,60,16,1,0.0,0.0,2,6,0,1,2,0,5.4,86.0,2015
139,Michael Johnson,CIN,DE,16,29,13,6,5.0,42.0,16,2,0,3,1,0,5.4,85.7,2015
140,Malik Jackson,DEN,DT,16,34,11,2,5.0,40.5,15,7,0,0,2,0,5.3,85.55,2015
141,Brandon Browner,NO,SS,16,63,13,0,0.0,0.0,0,10,1,0,1,0,5.3,85.5,2015
142,Johnathan Joseph,HOU,CB,16,48,10,1,0.0,0.0,0,22,1,1,1,0,5.3,85.0,2015
143,William Gholston,TB,DE,16,47,20,8,3.0,7.0,8,2,0,1,0,0,5.3,84.7,2015
144,Adam Jones,CIN,CB,14,53,9,1,1.0,1.0,0,12,3,1,0,0,6.0,84.6,2015
145,Donte Whitner,CLE,SS,14,58,23,2,1.5,2.5,2,4,0,1,0,0,6.0,83.75,2015
146,Byron Maxwell,PHI,CB,14,53,11,0,0.0,0.0,0,10,2,2,1,0,6.0,83.5,2015
146,Malcolm Butler,NE,CB,16,56,11,1,0.0,0.0,0,15,2,0,0,0,5.2,83.5,2015
148,James Harrison,PIT,LB,15,27,13,8,5.0,38.0,15,4,1,2,0,0,5.6,83.3,2015
149,Prince Amukamara,NYG,CB,11,55,8,2,0.0,0.0,0,10,1,2,1,0,7.5,83.0,2015
149,Christian Jones,CHI,OLB,15,59,24,2,0.0,0.0,3,4,0,0,1,0,5.5,83.0,2015
151,Denzel Perryman,LAC,ILB,14,58,9,8,2.0,23.0,3,0,0,1,0,0,5.9,82.8,2015
152,Dre Kirkpatrick,CIN,CB,16,63,7,0,0.0,0.0,0,16,0,0,0,0,5.2,82.5,2015
153,William Gay,PIT,FS,16,46,12,7,1.0,1.0,2,7,2,0,0,1,5.1,82.1,2015
153,Lamarcus Joyner,LAR,FS,16,54,18,3,2.0,11.0,2,6,0,0,1,0,5.1,82.1,2015
155,Eric Weddle,LAC,FS,13,55,23,1,0.5,4.0,3,7,0,0,1,0,6.3,81.9,2015
156,Zach Brown,TEN,ILB,16,55,23,3,0.5,3.0,2,3,2,0,0,0,5.1,81.8,2015
157,Dont'a Hightower,NE,LB,12,51,10,5,3.5,26.5,6,2,0,0,1,0,6.8,81.65,2015
158,Leonard Williams,NYJ,DE,16,29,34,7,3.0,16.0,21,0,0,0,0,0,5.1,81.6,2015
159,Rashad Johnson,ARI,FS,14,50,9,1,0.0,0.0,1,7,5,0,1,0,5.8,81.5,2015
159,Chris Harris,DEN,CB,16,49,9,4,0.0,0.0,0,6,2,2,0,1,5.1,81.5,2015
161,Jasper Brinkley,NYG,ILB,15,49,18,5,1.0,0.0,1,0,0,4,1,0,5.4,81.0,2015
162,Preston Smith,WAS,OLB,16,20,10,6,8.0,77.0,10,4,0,3,1,0,5.0,80.7,2015
163,Michael Wilhoite,SF,OLB,12,62,23,3,0.0,0.0,0,1,1,0,0,0,6.7,80.5,2015
164,TJ Ward,DEN,SS,12,50,11,4,2.0,18.0,3,6,0,2,0,0,6.7,80.3,2015
164,Will Hill,BAL,SS,16,49,15,2,1.0,8.0,4,6,1,0,0,0,5.0,80.3,2015
166,Terence Newman,MIN,CB,16,52,10,2,0.0,0.0,0,12,3,0,0,0,5.0,80.0,2015
166,Jerraud Powers,ARI,CB,13,46,6,1,1.0,0.0,1,9,1,0,3,1,6.2,80.0,2015
166,Kareem Jackson,HOU,CB,12,52,6,1,0.0,0.0,0,6,2,1,1,1,6.7,80.0,2015
169,Derek Wolfe,DEN,DE,12,35,14,9,5.5,38.5,13,1,0,0,0,0,6.7,79.85,2015
169,Jacquies Smith,TB,DE,12,15,7,5,7.0,53.5,11,1,0,3,4,1,6.7,79.85,2015
171,Patrick Chung,NE,SS,15,49,33,2,0.0,0.0,0,9,0,1,0,0,5.3,79.5,2015
172,Andrew Sendejo,MIN,SS,13,57,16,0,0.5,4.0,1,3,1,0,2,0,6.1,79.4,2015
173,Kendall Langford,IND,DE,16,23,15,10,7.0,57.0,16,3,0,0,0,0,5.0,79.2,2015
174,Jimmy Smith,BAL,CB,16,48,6,0,1.0,0.0,1,10,3,0,0,1,4.9,79.0,2015
175,Gerald McCoy,TB,DT,15,26,8,8,8.5,59.5,17,1,0,0,0,0,5.3,78.95,2015
176,Koa Misi,MIA,OLB,13,59,19,8,0.0,0.0,1,1,0,0,0,0,6.0,78.5,2015
176,Earl Thomas,SEA,FS,16,42,19,0,0.0,0.0,0,9,5,1,0,0,4.9,78.5,2015
178,Shea McClellin,CHI,LB,12,53,28,2,0.0,0.0,2,1,0,1,1,0,6.5,78.0,2015
178,Kenneth Acker,SF,CB,15,55,10,1,0.0,0.0,0,8,3,0,0,0,5.2,78.0,2015
180,Jaquiski Tartt,SF,SS,15,51,13,3,2.0,22.0,2,3,1,1,0,0,5.2,77.7,2015
181,Armonty Bryant,CLE,DE,14,28,12,7,5.5,45.5,12,0,0,2,1,0,5.5,77.55,2015
182,Jordan Hicks,PHI,ILB,8,42,7,1,1.0,6.0,1,3,2,1,3,1,9.6,77.1,2015
183,Tramon Williams,CLE,FS,15,55,14,1,0.0,0.0,1,10,1,0,0,0,5.1,77.0,2015
183,Aqib Talib,DEN,CB,15,39,6,1,0.0,0.0,0,13,3,0,0,2,5.1,77.0,2015
183,Robert Alford,ATL,CB,15,42,8,1,0.0,0.0,0,15,2,0,1,1,5.1,77.0,2015
186,Devin Taylor,DET,DE,15,28,7,9,7.0,62.5,12,1,0,1,0,0,5.1,76.75,2015
187,Tom Johnson,MIN,DT,16,25,11,9,5.5,52.0,20,1,0,0,0,0,4.8,76.7,2015
188,Morgan Burnett,GB,FS,11,47,21,4,0.0,0.0,1,5,0,2,1,0,7.0,76.5,2015
188,Calvin Pryor,NYJ,SS,13,50,19,2,0.0,0.0,0,6,2,1,0,0,5.9,76.5,2015
190,Willie Young,CHI,OLB,15,24,6,11,6.5,50.0,15,2,1,0,0,0,5.1,76.0,2015
191,Quintin Demps,HOU,SS,14,35,26,1,0.5,6.5,1,6,1,1,2,1,5.4,75.65,2015
192,Jelani Jenkins,MIA,ILB,13,50,21,6,0.0,0.0,0,3,0,1,1,0,5.8,75.5,2015
193,Eric Reid,SF,SS,16,56,10,1,1.0,3.0,1,7,0,1,0,0,4.7,75.3,2015
194,Brian Robison,MIN,DE,16,30,4,8,5.0,31.0,10,3,0,1,2,0,4.7,75.1,2015
195,Hau'oli Kikaha,NO,OLB,15,31,19,2,4.0,25.0,5,2,0,4,1,0,5.0,75.0,2015
196,Anthony Hitchens,DAL,OLB,16,39,27,5,2.0,14.0,5,1,0,1,1,0,4.7,74.9,2015
197,Will Blackmon,WAS,FS,15,37,9,0,1.0,0.0,1,9,2,3,2,0,5.0,74.5,2015
197,Jason Verrett,LAC,CB,14,42,5,2,0.0,0.0,1,12,3,0,0,1,5.3,74.5,2015
199,Bene' Benwikere,CAR,CB,13,44,15,4,1.0,9.0,1,9,0,1,1,0,5.7,74.4,2015
200,Eric Berry,KC,FS,16,55,6,0,0.0,0.0,0,10,2,0,0,0,4.6,74.0,2015
200,Delvin Breaux,NO,CB,16,37,8,2,0.0,0.0,0,19,3,0,1,0,4.6,74.0,2015
202,James Ihedigbo,DET,SS,15,47,16,3,1.0,9.0,2,2,1,2,0,0,4.9,73.9,2015
203,Demarcus Ware,DEN,OLB,11,17,8,8,7.5,57.5,16,0,0,1,1,0,6.7,73.75,2015
204,Roman Harper,CAR,SS,16,46,27,1,0.0,0.0,2,5,0,0,2,0,4.6,73.5,2015
204,Justin Durant,ATL,ILB,13,57,25,1,0.0,0.0,0,3,0,0,0,0,5.7,73.5,2015
206,Greg Hardy,DAL,DE,12,23,12,5,6.0,34.5,17,1,1,1,0,0,6.1,73.45,2015
207,Micah Hyde,GB,SS,15,46,4,1,1.0,3.0,1,6,3,0,2,0,4.9,73.3,2015
208,Jimmie Ward,SF,CB,16,46,8,4,1.0,9.0,1,6,1,0,0,1,4.6,72.9,2015
209,Brent Grimes,MIA,CB,15,42,7,1,0.0,0.0,0,14,4,0,0,0,4.8,72.5,2015
209,Darius Slay,DET,CB,16,47,11,1,0.0,0.0,0,13,2,0,0,0,4.5,72.5,2015
211,Courtney Upshaw,BAL,OLB,16,29,22,3,2.0,13.0,7,2,0,2,3,0,4.5,72.3,2015
211,John Simon,HOU,DE,16,36,13,3,5.0,28.0,11,0,0,0,1,0,4.5,72.3,2015
213,Jahleel Addae,LAC,FS,13,54,10,2,1.0,12.0,1,4,0,0,1,0,5.6,72.2,2015
214,Mike Daniels,GB,DE,16,27,22,7,4.0,21.5,9,2,1,1,0,0,4.5,72.15,2015
215,Vontae Davis,IND,CB,16,38,10,1,0.0,0.0,0,16,4,0,0,0,4.5,72.0,2015
215,Isa Abdul-Quddus,DET,FS,16,42,15,1,1.0,1.0,4,6,0,1,1,0,4.5,72.0,2015
215,Coty Sensabaugh,TEN,CB,16,44,16,0,0.0,0.0,0,8,2,0,0,1,4.5,72.0,2015
215,Casey Hayward,GB,CB,16,56,8,4,0.0,0.0,1,7,0,0,0,0,4.5,72.0,2015
219,Jadeveon Clowney,HOU,OLB,13,27,13,8,4.5,43.5,8,6,0,1,0,0,5.5,71.85,2015
220,Derrick Shelby,MIA,DE,16,25,12,4,3.5,37.5,7,4,1,2,0,1,4.5,71.75,2015
221,Ahmad Brooks,SF,OLB,14,28,14,6,6.5,36.5,10,1,0,0,1,0,5.1,71.65,2015
221,Akeem Ayers,LAR,OLB,16,35,12,3,0.5,6.5,3,5,0,1,3,1,4.5,71.65,2015
223,Damon Harrison,NYJ,DT,16,39,33,8,0.5,0.0,4,0,0,1,0,0,4.5,71.5,2015
223,Xavier Rhodes,MIN,CB,16,55,3,1,0.0,0.0,0,11,1,0,0,0,4.5,71.5,2015
225,Tramaine Brock,SF,CB,15,45,8,2,0.0,0.0,0,11,3,0,0,0,4.7,71.0,2015
225,Kam Chancellor,SEA,SS,11,42,30,1,0.0,0.0,0,4,2,1,0,0,6.5,71.0,2015
225,Byron Jones,DAL,CB,16,47,18,2,0.0,0.0,1,9,0,1,0,0,4.4,71.0,2015
228,Lawrence Guy,BAL,DT,16,29,17,8,4.5,20.5,10,1,0,0,1,0,4.4,70.55,2015
229,Leon Hall,CIN,CB,14,44,11,0,0.0,0.0,0,9,2,0,0,1,5.0,70.5,2015
229,Darrelle Revis,NYJ,CB,14,30,9,0,0.0,0.0,0,9,5,0,4,0,5.0,70.5,2015
229,Nolan Carroll,PHI,CB,11,41,15,0,0.0,0.0,0,10,2,0,0,1,6.4,70.5,2015
229,Trevin Wade,NYG,CB,16,39,9,1,0.0,0.0,5,6,0,1,2,1,4.4,70.5,2015
233,Desmond Trufant,ATL,CB,16,35,7,1,1.0,9.0,2,11,1,0,2,1,4.4,70.4,2015
234,Bruce Irvin,SEA,DE,15,22,16,3,5.5,42.5,14,2,0,1,1,0,4.7,70.25,2015
235,Rey Maualuga,CIN,ILB,15,43,32,1,0.0,0.0,1,3,1,0,1,0,4.7,70.0,2015
236,Devin McCourty,NE,FS,14,49,13,1,1.0,13.0,1,6,1,0,0,0,5.0,69.8,2015
237,Adrian Amos,CHI,FS,16,57,10,2,1.0,7.0,1,2,0,0,0,0,4.4,69.7,2015
238,Tahir Whitehead,DET,OLB,16,36,11,7,2.0,10.0,4,6,1,0,1,0,4.3,69.5,2015
238,Devin Unga,NYG,ILB,13,42,17,2,0.0,0.0,1,4,2,2,0,0,5.3,69.5,2015
238,Uani' Unga,NYG,ILB,13,42,17,2,0.0,0.0,1,4,2,2,0,0,5.3,69.5,2015
241,Robert Mathis,IND,OLB,15,15,5,7,7.0,47.0,14,0,0,1,1,1,4.6,69.2,2015
242,Desmond Bryant,CLE,DT,14,24,9,7,6.0,26.5,16,0,0,1,0,0,4.9,69.15,2015
243,Christian Kirksey,CLE,OLB,16,34,19,5,3.5,13.0,5,1,0,1,1,0,4.3,68.8,2015
244,Ian Williams,SF,NT,16,45,20,2,1.0,6.0,2,1,0,1,1,0,4.3,68.6,2015
245,Charles Tillman,CAR,CB,12,36,19,0,0.0,0.0,1,7,2,2,1,0,5.7,68.5,2015
246,David Bruton,DEN,SS,13,37,12,1,1.0,0.0,0,7,2,2,1,0,5.2,68.0,2015
247,Josh Mauga,KC,ILB,14,45,12,4,1.0,9.0,1,3,2,0,0,0,4.8,67.9,2015
247,Brandon Williams,BAL,NT,16,35,18,9,2.0,19.0,4,2,0,1,0,0,4.2,67.9,2015
249,Michael Thomas,MIA,SS,16,56,15,2,0.0,0.0,0,2,0,0,0,0,4.2,67.5,2015
249,Kony Ealy,CAR,DE,16,15,17,4,5.0,30.0,10,2,0,3,2,0,4.2,67.5,2015
251,Sheldon Richardson,NYJ,DT,11,20,15,4,5.0,28.5,15,2,0,2,0,0,6.1,67.35,2015
252,Allen Bailey,KC,DE,12,26,12,7,4.5,22.0,8,0,0,2,1,0,5.6,67.2,2015
253,Lardarius Webb,BAL,FS,15,48,6,2,0.0,0.0,0,11,1,0,0,0,4.5,67.0,2015
253,DeShawn Shead,SEA,CB,16,38,11,3,1.0,5.0,2,7,1,2,0,0,4.2,67.0,2015
253,Gerald Hodges,SF,ILB,14,53,16,4,0.0,0.0,1,1,0,0,0,0,4.8,67.0,2015
256,Erik Walden,IND,OLB,15,28,14,9,3.0,16.0,12,0,0,1,0,0,4.4,66.6,2015
256,TJ McDonald,LAR,FS,11,38,24,5,1.0,6.0,2,1,0,1,1,0,6.1,66.6,2015
258,Linval Joseph,MIN,NT,12,42,14,7,0.5,4.0,4,1,0,1,0,0,5.4,65.4,2015
259,Nate Palmer,GB,ILB,16,47,20,2,1.0,0.0,2,2,0,0,0,0,4.1,65.0,2015
259,Kyle Fuller,CHI,CB,16,46,8,0,0.0,0.0,0,9,2,0,0,0,4.1,65.0,2015
261,Tyvon Branch,KC,SS,16,35,7,1,1.0,1.0,1,4,1,0,1,2,4.0,64.6,2015
262,Jared Odrick,JAX,DE,16,23,6,10,5.5,35.5,8,3,0,1,0,0,4.0,64.55,2015
263,Curtis Lofton,OAK,ILB,16,45,19,3,1.0,0.0,2,0,0,0,1,0,4.0,64.5,2015
263,Kevin Johnson,HOU,CB,16,47,5,3,0.0,0.0,0,9,1,0,0,0,4.0,64.5,2015
265,Jared Crick,HOU,DE,16,28,20,1,2.0,14.0,9,2,0,1,2,0,4.0,64.4,2015
266,Malcom Brown,NE,NT,16,31,17,6,3.0,17.0,5,0,0,0,2,0,4.0,64.2,2015
267,Brandon Meriweather,NYG,SS,13,43,16,0,0.0,0.0,0,7,2,0,0,0,4.9,64.0,2015
267,Sam Shields,GB,CB,12,37,2,1,0.0,0.0,0,13,3,0,1,0,5.3,64.0,2015
267,Sterling Moore,TB,CB,16,37,8,2,0.0,0.0,0,6,1,4,0,0,4.0,64.0,2015
270,Quinton Dial,SF,NT,15,32,27,4,2.5,14.5,7,1,0,0,0,0,4.3,63.95,2015
271,Kendrick Lewis,BAL,SS,15,37,23,5,0.0,0.0,2,5,0,1,0,0,4.2,63.5,2015
272,Danielle Hunter,MIN,DE,14,25,4,8,6.0,42.5,9,0,0,1,0,0,4.5,63.25,2015
273,Jairus Byrd,NO,FS,13,37,16,2,1.0,11.0,1,3,1,1,1,0,4.9,63.1,2015
274,Buster Skrine,NYJ,DB,16,44,10,2,0.0,0.0,2,7,1,0,0,0,3.9,63.0,2015
274,Stephon Gilmore,BUF,CB,12,36,0,0,0.0,0.0,0,18,3,0,0,0,5.2,63.0,2015
274,Justin Bethel,ARI,CB,16,31,2,0,0.0,0.0,1,9,2,2,1,1,3.9,63.0,2015
274,Bradley Roby,DEN,CB,16,34,6,1,0.0,0.0,0,10,1,1,1,1,3.9,63.0,2015
274,Devon Kennard,NYG,OLB,9,36,20,2,0.0,0.0,5,4,1,1,0,0,7.0,63.0,2015
279,Arthur Moats,PIT,DE,16,24,11,4,4.0,31.5,10,2,0,0,2,0,3.9,62.65,2015
280,Manny Lawson,BUF,OLB,16,36,10,8,1.0,6.0,3,5,1,0,0,0,3.9,62.6,2015
280,Frostee Rucker,ARI,DE,13,20,8,7,3.0,26.0,15,0,0,1,1,0,4.8,62.6,2015
282,Richard Sherman,SEA,CB,16,33,17,1,0.0,0.0,0,14,2,0,0,0,3.9,62.5,2015
282,Mario Edwards Jr,OAK,NT,14,33,9,3,2.0,10.0,6,2,0,3,0,0,4.5,62.5,2015
284,Travis Carrie,OAK,CB,15,42,10,0,0.0,0.0,0,9,1,1,0,0,4.1,62.0,2015
285,Mike Neal,GB,OLB,16,24,12,8,4.0,27.5,10,0,0,1,0,0,3.9,61.75,2015
286,Benardrick McKinney,HOU,ILB,14,35,23,7,1.0,11.0,2,0,0,1,0,0,4.4,61.6,2015
287,Craig Dahl,NYG,SS,15,46,10,0,1.0,5.0,1,4,0,1,0,0,4.1,61.5,2015
288,Ross Cockrell,PIT,DB,15,33,10,0,0.0,0.0,0,11,2,1,1,0,4.1,61.0,2015
289,Alterraun Verner,TB,CB,16,42,11,0,0.5,3.0,2,4,1,1,0,0,3.8,60.8,2015
290,Bennie Logan,PHI,DT,14,39,16,9,1.0,7.0,2,0,0,0,0,0,4.3,60.7,2015
291,Sean Smith,KC,CB,13,40,5,0,0.0,0.0,0,12,2,0,0,0,4.7,60.5,2015
291,Greg Toler,IND,CB,10,44,7,0,0.0,0.0,0,10,0,1,0,0,6.0,60.5,2015
291,Keenan Robinson,WAS,OLB,12,36,27,2,0.0,0.0,0,3,1,0,1,0,5.0,60.5,2015
294,Patrick Robinson,LAC,CB,16,43,6,2,0.0,0.0,1,8,1,0,0,0,3.8,60.0,2015
295,Jason Jones,DET,DE,15,27,4,4,4.5,29.5,11,1,0,1,0,0,4.0,59.95,2015
296,Roy Miller,JAX,NT,16,22,18,6,4.0,18.5,6,1,0,2,0,0,3.7,59.85,2015
297,Nigel Bradham,BUF,OLB,11,42,15,2,1.0,3.0,3,3,0,0,0,0,5.4,59.8,2015
298,Andre Branch,JAX,DE,13,18,6,3,4.0,36.0,5,4,0,2,1,1,4.6,59.6,2015
299,Tyrone Crawford,DAL,DT,16,23,12,7,5.0,33.0,9,1,0,0,0,0,3.7,59.3,2015
300,Darius Butler,IND,FS,14,38,12,1,0.0,0.0,1,4,1,2,0,0,4.2,59.0,2015
