Rank,Name,Team,Position,Played,PassingYards,PassingTouchdowns,PassingInterceptions,RushingYards,RushingTouchdowns,Receptions,ReceivingYards,ReceivingTouchdowns,FumblesLost,FantasyPointsPerGame,FantasyPoints,Year
1,Patrick Mahomes,KC,QB,16,5097,50,12,272,2,0,0,0,2,26.1,417.08,2018
2,Matt Ryan,ATL,QB,16,4924,35,7,125,3,1,5,1,5,22.1,353.96,2018
3,Ben Roethlisberger,PIT,QB,16,5129,34,16,98,3,1,-1,0,2,21.3,340.86,2018
4,Deshaun Watson,HOU,QB,16,4165,26,9,551,5,0,0,0,3,20.7,331.7,2018
5,Andrew Luck,IND,QB,16,4593,39,15,148,0,1,4,0,1,20.4,326.92,2018
6,Todd Gurley,LAR,RB,14,0,0,0,1251,17,59,580,4,1,22.4,313.1,2018
7,Aaron Rodgers,GB,QB,16,4442,25,2,269,2,0,0,0,3,19.5,312.58,2018
8,Jared Goff,LAR,QB,16,4688,32,12,108,2,0,0,0,5,19.4,310.32,2018
9,Drew Brees,NO,QB,15,3992,32,5,22,4,1,1,0,1,20.3,303.98,2018
10,Russell Wilson,SEA,QB,16,3448,35,7,376,0,1,-11,0,2,18.7,298.42,2018
11,Saquon Barkley,NYG,RB,16,0,0,0,1307,11,91,721,4,0,18.4,294.8,2018
12,Dak Prescott,DAL,QB,16,3884,22,8,305,6,0,0,0,6,17.9,285.86,2018
13,Philip Rivers,LAC,QB,16,4308,32,12,7,0,0,0,0,1,17.8,285.02,2018
14,Cam Newton,CAR,QB,14,3395,24,13,488,4,0,0,0,0,20.2,282.6,2018
15,Kirk Cousins,MIN,QB,16,4298,30,10,123,1,1,-1,0,7,17.6,282.12,2018
16,Tom Brady,NE,QB,16,4355,29,11,35,2,1,6,0,2,17.5,280.3,2018
17,Christian McCaffrey,CAR,RB,16,50,1,0,1098,7,107,867,6,1,17.4,278.5,2018
18,Alvin Kamara,NO,RB,15,0,0,0,883,14,81,709,4,0,18.2,273.2,2018
19,Mitch Trubisky,CHI,QB,14,3223,24,12,421,3,0,0,0,3,18.8,263.02,2018
20,Ezekiel Elliott,DAL,RB,15,0,0,0,1435,6,77,567,3,1,16.8,252.2,2018
21,Tyreek Hill,KC,WR,16,0,0,0,151,1,87,1479,12,0,15.1,241.0,2018
22,Baker Mayfield,CLE,QB,14,3725,27,14,131,0,0,0,0,3,17.2,240.1,2018
23,Eli Manning,NYG,QB,16,4299,21,11,20,1,0,0,0,4,15.0,239.96,2018
24,Melvin Gordon,LAC,RB,12,0,0,0,885,10,50,490,4,0,18.8,225.5,2018
25,James Conner,PIT,RB,13,0,0,0,973,12,55,497,1,2,17.3,225.0,2018
26,Antonio Brown,PIT,WR,15,0,0,0,0,0,104,1297,15,0,14.6,219.7,2018
27,Davante Adams,GB,WR,15,0,0,0,0,0,111,1386,13,0,14.6,218.6,2018
28,DeAndre Hopkins,HOU,WR,16,0,0,0,-7,0,115,1572,11,2,13.7,218.5,2018
29,Derek Carr,OAK,QB,16,4049,19,10,47,1,1,-9,0,7,13.5,215.76,2018
30,Case Keenum,DEN,QB,16,3890,18,15,93,2,0,0,0,2,13.4,214.9,2018
31,Julio Jones,ATL,WR,16,0,0,0,12,0,113,1677,8,2,13.3,212.9,2018
32,Matthew Stafford,DET,QB,16,3777,21,11,71,0,0,0,0,4,13.3,212.18,2018
33,Josh Allen,BUF,QB,12,2074,10,12,631,8,0,0,0,2,17.3,208.06,2018
34,Mike Evans,TB,WR,16,0,0,0,0,1,86,1524,8,1,12.8,204.4,2018
35,Kareem Hunt,KC,RB,11,0,0,0,824,7,26,378,7,0,18.6,204.2,2018
36,Joe Mixon,CIN,RB,14,0,0,0,1168,8,43,296,1,0,14.3,200.4,2018
37,David Johnson,ARI,RB,16,0,0,0,940,7,50,446,3,2,12.3,196.6,2018
38,Jameis Winston,TB,QB,11,2992,19,14,281,1,0,0,0,3,17.8,195.78,2018
39,Adam Thielen,MIN,WR,16,0,0,0,30,0,113,1373,9,1,12.1,194.3,2018
40,Carson Wentz,PHI,QB,11,3074,21,7,93,0,1,4,0,6,17.5,192.66,2018
41,Travis Kelce,KC,TE,16,0,0,0,0,0,103,1336,10,1,12.0,191.6,2018
42,Michael Thomas,NO,WR,16,0,0,0,0,0,125,1405,9,2,11.9,190.5,2018
43,James White,NE,RB,16,0,0,0,425,5,87,751,7,0,11.8,189.6,2018
44,Phillip Lindsay,DEN,RB,15,0,0,0,1037,9,35,241,1,0,12.5,187.8,2018
45,Derrick Henry,TEN,RB,16,14,0,0,1059,12,15,99,0,1,11.6,186.36,2018
46,JuJu Smith-Schuster,PIT,WR,16,0,0,0,13,0,111,1426,7,1,11.6,185.9,2018
47,Chris Carson,SEA,RB,14,0,0,0,1151,9,20,163,0,2,13.0,181.4,2018
48,Robert Woods,LAR,WR,16,0,0,0,157,1,86,1219,6,0,11.2,179.6,2018
49,Marcus Mariota,TEN,QB,14,2528,11,8,357,2,1,21,0,2,12.5,174.92,2018
50,Andy Dalton,CIN,QB,11,2566,21,11,99,0,0,0,0,0,15.9,174.54,2018
51,Nick Chubb,CLE,RB,16,0,0,0,996,8,20,149,2,0,10.9,174.5,2018
52,Blake Bortles,JAX,QB,13,2718,13,11,365,1,0,0,0,4,13.3,173.22,2018
53,George Kittle,SF,TE,16,0,0,0,10,0,88,1377,5,0,10.7,170.7,2018
54,Adrian Peterson,WAS,RB,16,0,0,0,1042,7,20,208,1,2,10.6,169.0,2018
55,Sam Darnold,NYJ,QB,13,2865,17,15,138,1,0,0,0,2,13.0,168.4,2018
56,Ryan Fitzpatrick,TB,QB,8,2366,17,12,152,2,0,0,0,1,20.7,165.84,2018
57,Tyler Lockett,SEA,WR,16,0,0,0,69,0,57,965,10,0,10.3,165.4,2018
58,Zach Ertz,PHI,TE,16,0,0,0,0,0,116,1163,8,0,10.3,164.3,2018
58,Stefon Diggs,MIN,WR,15,0,0,0,62,0,102,1021,9,0,11.0,164.3,2018
60,Brandin Cooks,LAR,WR,16,0,0,0,68,1,80,1204,5,0,10.2,163.2,2018
61,Keenan Allen,LAC,WR,16,0,0,0,75,0,97,1196,6,1,10.2,163.1,2018
62,T.Y. Hilton,IND,WR,14,0,0,0,0,0,76,1270,6,0,11.6,163.0,2018
63,Tarik Cohen,CHI,RB,16,1,1,0,444,3,71,725,5,3,10.2,162.94,2018
64,Tevin Coleman,ATL,RB,16,0,0,0,800,4,32,276,5,0,10.1,161.6,2018
65,Marlon Mack,IND,RB,12,0,0,0,908,9,17,103,1,2,13.4,161.1,2018
66,Jordan Howard,CHI,RB,16,0,0,0,935,9,20,145,0,1,10.0,160.0,2018
67,Lamar Jackson,BAL,QB,16,1201,6,3,695,5,0,0,0,4,9.8,157.54,2018
68,Eric Ebron,IND,TE,16,0,0,0,-8,1,66,750,13,1,9.8,156.2,2018
69,Odell Beckham Jr,NYG,WR,12,106,2,0,19,0,77,1052,6,1,12.8,153.34,2018
70,Kenyan Drake,MIA,RB,16,0,0,0,535,4,53,477,5,1,9.6,153.2,2018
71,Lamar Miller,HOU,RB,14,0,0,0,973,5,25,163,1,1,10.5,147.6,2018
72,Aaron Jones,GB,RB,12,0,0,0,728,8,26,206,1,1,12.1,145.4,2018
73,Tyler Boyd,CIN,WR,14,0,0,0,3,0,76,1028,7,0,10.4,145.1,2018
74,Calvin Ridley,ATL,WR,16,0,0,0,27,0,64,821,10,1,8.9,142.8,2018
75,Ryan Tannehill,MIA,QB,11,1979,17,9,145,0,1,3,1,4,12.9,141.96,2018
76,Amari Cooper,DAL,WR,15,0,0,0,20,0,75,1004,7,2,9.4,140.4,2018
77,Alex Smith,WAS,QB,10,2180,10,5,168,1,0,0,0,1,13.8,138.0,2018
78,Mike Williams,LAC,WR,16,0,0,0,28,1,43,664,10,0,8.6,137.2,2018
79,Joe Flacco,BAL,QB,9,2465,12,6,45,0,0,0,0,1,15.2,137.1,2018
79,Kenny Golladay,DET,WR,15,0,0,0,8,0,70,1063,5,0,9.1,137.1,2018
81,Jarvis Landry,CLE,WR,16,63,0,0,60,1,81,976,4,1,8.5,136.12,2018
82,Matt Breida,SF,RB,14,0,0,0,814,3,27,261,2,1,9.7,135.5,2018
83,Julian Edelman,NE,WR,12,43,0,0,107,0,74,850,6,0,11.1,133.42,2018
84,Sony Michel,NE,RB,13,0,0,0,931,6,7,50,0,1,10.2,132.1,2018
85,Peyton Barber,TB,RB,16,0,0,0,871,5,20,92,1,1,8.1,130.3,2018
86,Austin Ekeler,LAC,RB,14,0,0,0,554,3,39,404,3,1,9.3,129.8,2018
87,Emmanuel Sanders,DEN,WR,12,28,1,0,53,1,71,868,4,0,10.6,127.22,2018
88,Chris Godwin,TB,WR,16,0,0,0,0,0,59,842,7,1,7.9,126.2,2018
89,Jared Cook,OAK,TE,16,0,0,0,0,0,68,896,6,0,7.8,125.6,2018
90,Nick Mullens,SF,QB,8,2277,13,10,-16,0,0,0,0,0,15.4,123.48,2018
91,Mark Ingram,NO,RB,12,0,0,0,645,6,21,170,1,1,10.1,121.5,2018
92,Alshon Jeffery,PHI,WR,13,0,0,0,0,0,65,843,6,0,9.3,120.3,2018
93,Isaiah Crowell,NYJ,RB,13,0,0,0,685,6,21,152,0,0,9.2,119.7,2018
94,Corey Davis,TEN,WR,16,0,0,0,55,0,65,891,4,0,7.4,118.6,2018
95,TJ Yeldon,JAX,RB,14,0,0,0,414,1,55,487,4,1,8.4,118.1,2018
96,Larry Fitzgerald,ARI,WR,16,32,1,0,0,0,69,734,6,0,7.3,116.68,2018
97,Sterling Shepard,NYG,WR,16,0,0,0,33,0,66,872,4,0,7.3,116.5,2018
98,Mohamed Sanu,ATL,WR,16,5,1,0,44,0,66,838,4,1,7.3,116.4,2018
99,Josh Rosen,ARI,QB,14,2278,11,14,138,0,0,0,0,5,8.1,112.92,2018
100,Adam Humphries,TB,WR,16,0,0,0,11,0,76,816,5,0,7.0,112.7,2018
101,Dalvin Cook,MIN,RB,11,0,0,0,615,2,40,305,2,2,10.2,112.0,2018
102,DeSean Jackson,TB,WR,12,0,0,0,29,1,41,774,4,0,9.2,110.3,2018
103,Latavius Murray,MIN,RB,16,0,0,0,578,6,22,141,0,0,6.9,109.9,2018
104,Zay Jones,BUF,WR,16,0,0,0,0,0,56,652,7,0,6.8,109.2,2018
105,Golden Tate,PHI,WR,15,0,0,0,34,0,74,795,4,0,7.3,108.9,2018
106,Dede Westbrook,JAX,WR,16,0,0,0,98,0,66,717,5,2,6.7,107.5,2018
107,Kerryon Johnson,DET,RB,10,0,0,0,641,3,32,213,1,1,10.7,107.4,2018
108,Robby Anderson,NYJ,WR,14,0,0,0,-8,0,50,752,6,2,7.6,106.4,2018
109,AJ Green,CIN,WR,9,0,0,0,0,0,46,694,6,1,11.5,103.4,2018
110,Mike Davis,SEA,RB,15,0,0,0,514,4,34,214,1,0,6.9,102.8,2018
111,D.J. Moore,CAR,WR,16,0,0,0,172,0,55,788,2,3,6.4,102.0,2018
112,Doug Martin,OAK,RB,16,0,0,0,723,4,18,116,0,3,6.4,101.9,2018
112,John Brown,BAL,WR,16,0,0,0,4,0,42,715,5,0,6.4,101.9,2018
114,Dion Lewis,TEN,RB,16,0,0,0,517,1,59,400,1,1,6.4,101.7,2018
115,Nelson Agholor,PHI,WR,16,15,0,0,32,0,64,736,4,0,6.3,101.4,2018
116,Leonard Fournette,JAX,RB,8,0,0,0,439,5,22,185,1,0,12.3,98.4,2018
117,Allen Robinson,CHI,WR,13,0,0,0,9,0,55,754,4,1,7.6,98.3,2018
118,Nyheim Hines,IND,RB,16,0,0,0,314,2,63,425,2,0,6.1,97.9,2018
119,Curtis Samuel,CAR,WR,13,0,0,0,84,2,39,494,5,1,7.5,97.8,2018
120,Demaryius Thomas,HOU,WR,15,0,0,0,0,0,59,677,5,0,6.5,97.7,2018
120,Josh Gordon,NE,WR,12,0,0,0,0,0,41,737,4,0,8.1,97.7,2018
122,Kenny Stills,MIA,WR,15,3,1,0,0,0,37,553,6,0,6.5,97.42,2018
123,Tyrell Williams,LAC,WR,16,0,0,0,15,0,41,653,5,0,6.0,96.8,2018
124,Cooper Kupp,LAR,WR,8,0,0,0,25,0,40,566,6,0,11.9,95.1,2018
125,Courtland Sutton,DEN,WR,16,0,0,0,-1,0,42,704,4,0,5.9,94.3,2018
126,Jordy Nelson,OAK,WR,15,0,0,0,-2,0,63,739,3,0,6.2,93.7,2018
127,Alex Collins,BAL,RB,10,0,0,0,411,7,15,105,1,3,9.4,93.6,2018
128,LeSean McCoy,BUF,RB,14,0,0,0,514,3,34,238,0,0,6.7,93.2,2018
129,Trey Burton,CHI,TE,16,0,0,0,2,0,54,569,6,1,5.8,93.1,2018
130,Austin Hooper,ATL,TE,16,0,0,0,0,0,71,660,4,0,5.8,92.0,2018
131,Doug Baldwin,SEA,WR,13,0,0,0,0,0,50,618,5,0,7.1,91.8,2018
132,Frank Gore,MIA,RB,14,0,0,0,722,0,12,124,1,0,6.5,90.6,2018
133,Wendell Smallwood,PHI,RB,16,0,0,0,364,3,28,230,2,1,5.6,89.4,2018
134,Antonio Callaway,CLE,WR,16,0,0,0,7,0,43,586,5,1,5.6,89.3,2018
135,Jalen Richard,OAK,RB,16,0,0,0,259,1,68,607,0,2,5.5,88.6,2018
136,Carlos Hyde,JAX,RB,14,0,0,0,571,5,10,33,0,1,6.3,88.4,2018
137,David Njoku,CLE,TE,16,0,0,0,0,0,56,639,4,0,5.5,87.9,2018
138,Gus Edwards,BAL,RB,11,0,0,0,718,2,2,20,0,0,8.0,87.8,2018
139,Kyle Rudolph,MIN,TE,16,0,0,0,0,0,64,634,4,0,5.5,87.4,2018
139,Jamaal Williams,GB,RB,16,0,0,0,464,3,27,210,0,0,5.5,87.4,2018
141,Royce Freeman,DEN,RB,14,0,0,0,521,5,14,72,0,1,6.2,87.3,2018
142,Anthony Miller,CHI,WR,15,8,0,0,26,0,33,423,7,0,5.8,87.22,2018
143,OJ Howard,TB,TE,10,0,0,0,0,0,34,565,5,0,8.6,86.5,2018
144,Cole Beasley,DAL,WR,16,0,0,0,0,0,65,672,3,0,5.3,85.2,2018
145,Jeff Driskel,CIN,QB,9,1003,6,2,130,2,0,0,0,1,9.5,85.12,2018
146,Duke Johnson,CLE,RB,16,0,0,0,201,0,47,429,3,0,5.3,85.0,2018
147,Taylor Gabriel,CHI,WR,16,0,0,0,61,0,67,688,2,1,5.3,84.9,2018
148,Rob Gronkowski,NE,TE,13,0,0,0,0,0,47,682,3,1,6.5,84.2,2018
149,Vance McDonald,PIT,TE,15,0,0,0,0,0,50,610,4,1,5.5,83.0,2018
150,Donte Moncrief,JAX,WR,16,0,0,0,0,0,48,668,3,1,5.2,82.8,2018
151,Evan Engram,NYG,TE,11,0,0,0,36,0,45,577,3,0,7.4,81.3,2018
152,Marvin Jones,DET,WR,9,0,0,0,0,0,35,508,5,0,9.0,80.8,2018
153,Christian Kirk,ARI,WR,12,0,0,0,35,0,43,590,3,0,6.7,80.5,2018
154,Rashard Higgins,CLE,WR,13,0,0,0,0,0,39,572,4,1,6.1,79.2,2018
155,Devin Funchess,CAR,WR,14,0,0,0,0,0,44,549,4,0,5.6,78.9,2018
156,Michael Crabtree,BAL,WR,16,0,0,0,0,0,54,607,3,0,4.9,78.7,2018
157,Alfred Blue,HOU,RB,16,0,0,0,499,2,20,154,0,0,4.8,77.3,2018
158,LeGarrette Blount,DET,RB,16,0,0,0,418,5,10,67,0,1,4.8,76.5,2018
158,Dante Pettis,SF,WR,12,0,0,0,-2,0,27,467,5,0,6.4,76.5,2018
160,Nick Foles,PHI,QB,5,1413,7,4,17,0,1,15,0,2,15.1,75.72,2018
161,Jimmy Graham,GB,TE,16,0,0,0,0,0,55,636,2,0,4.7,75.6,2018
161,Damien Williams,KC,RB,14,0,0,0,256,4,23,160,2,1,5.4,75.6,2018
163,Sammy Watkins,KC,WR,10,0,0,0,52,0,40,519,3,0,7.5,75.1,2018
164,David Moore,SEA,WR,16,0,0,0,5,0,26,445,5,0,4.7,75.0,2018
165,CJ Beathard,SF,QB,6,1252,8,7,69,1,0,0,0,3,12.5,74.98,2018
166,Josh Adams,PHI,RB,13,0,0,0,511,3,7,58,0,1,5.8,74.9,2018
167,Will Fuller,HOU,WR,7,0,0,0,0,0,32,503,4,0,10.6,74.3,2018
168,Chris Herndon IV,NYJ,TE,14,0,0,0,0,0,39,502,4,0,5.3,74.2,2018
169,Mark Andrews,BAL,TE,16,0,0,0,0,0,34,552,3,0,4.6,73.2,2018
170,Marquez Valdes-Scantling,GB,WR,16,0,0,0,29,0,38,581,2,0,4.6,73.0,2018
171,Kendrick Bourne,SF,WR,16,0,0,0,0,0,42,487,4,0,4.5,72.7,2018
171,Tre'Quan Smith,NO,WR,15,0,0,0,0,0,28,427,5,0,4.8,72.7,2018
173,Willie Snead,BAL,WR,16,0,0,0,13,0,62,651,1,0,4.5,72.4,2018
174,Robert Foster,BUF,WR,13,0,0,0,0,0,27,541,3,0,5.5,72.1,2018
175,Chris Hogan,NE,WR,16,0,0,0,0,0,35,532,3,0,4.4,71.2,2018
176,Josh Reynolds,LAR,WR,16,0,0,0,8,0,29,402,5,0,4.4,71.0,2018
177,Albert Wilson,MIA,WR,7,52,1,0,16,0,26,391,4,0,10.1,70.78,2018
178,Ito Smith,ATL,RB,14,0,0,0,315,4,27,152,0,0,5.0,70.7,2018
179,Cordarrelle Patterson,NE,WR,15,0,0,0,228,1,21,247,3,1,4.6,69.5,2018
180,Danny Amendola,MIA,WR,15,28,1,0,-2,0,59,575,1,0,4.6,68.42,2018
181,Brock Osweiler,MIA,QB,7,1247,6,4,21,0,0,0,0,1,9.7,67.98,2018
182,Elijah McGuire,NYJ,RB,8,0,0,0,276,3,19,193,1,2,8.4,66.9,2018
183,Jordan Reed,WAS,TE,13,0,0,0,0,0,54,558,2,1,5.1,65.8,2018
184,Josh Doctson,WAS,WR,15,0,0,0,0,0,44,532,2,0,4.3,65.2,2018
185,Chris Ivory,BUF,RB,13,0,0,0,385,1,13,205,0,0,5.0,65.0,2018
186,Michael Gallup,DAL,WR,16,0,0,0,0,0,33,507,2,0,4.0,64.7,2018
187,Marquise Goodwin,SF,WR,11,0,0,0,9,0,23,395,4,0,5.9,64.4,2018
188,Chester Rogers,IND,WR,16,0,0,0,-4,0,53,485,2,0,4.0,64.1,2018
189,Marshawn Lynch,OAK,RB,6,0,0,0,376,3,15,84,0,0,10.7,64.0,2018
190,John Ross,CIN,WR,13,0,0,0,9,0,21,210,7,0,4.9,63.9,2018
191,Jaylen Samuels,PIT,FB,14,0,0,0,256,0,26,199,3,0,4.5,63.5,2018
192,Cameron Brate,TB,TE,16,0,0,0,0,0,30,289,6,1,3.9,62.9,2018
193,CJ Anderson,LAR,RB,11,0,0,0,403,2,5,41,1,0,5.7,62.4,2018
194,Seth Roberts,OAK,WR,15,0,0,0,5,0,45,494,2,0,4.1,61.9,2018
194,CJ Uzomah,CIN,TE,16,0,0,0,0,0,43,439,3,0,3.9,61.9,2018
196,Rashaad Penny,SEA,RB,14,0,0,0,419,2,9,75,0,0,4.4,61.4,2018
197,Giovani Bernard,CIN,RB,12,0,0,0,211,3,35,218,0,0,5.1,60.9,2018
198,Alfred Morris,SF,RB,12,0,0,0,428,2,8,73,0,1,5.0,60.1,2018
199,Chris Conley,KC,WR,16,0,0,0,0,0,32,334,5,2,3.7,59.4,2018
200,Corey Clement,PHI,RB,11,0,0,0,259,2,22,192,0,0,5.4,59.1,2018
201,Spencer Ware,KC,RB,13,0,0,0,246,2,20,224,0,0,4.5,59.0,2018
202,Javorius Allen,BAL,RB,14,0,0,0,110,3,35,196,2,1,4.2,58.6,2018
203,Dallas Goedert,PHI,TE,16,0,0,0,0,0,33,334,4,0,3.6,57.4,2018
204,Theo Riddick,DET,RB,14,0,0,0,171,0,61,384,0,0,4.0,55.5,2018
205,Jarius Wright,CAR,WR,16,0,0,0,39,0,43,447,1,1,3.4,54.6,2018
206,Jesse James,PIT,TE,16,0,0,0,0,0,30,423,2,0,3.4,54.3,2018
207,Jamison Crowder,WAS,WR,9,0,0,0,30,0,29,388,2,0,6.0,53.8,2018
208,Gerald Everett,LAR,TE,16,0,0,0,16,0,33,320,3,0,3.4,53.6,2018
209,Greg Olsen,CAR,TE,9,0,0,0,0,0,27,291,4,0,5.9,53.1,2018
209,Aldrick Robinson,MIN,WR,14,0,0,0,0,0,17,231,5,0,3.8,53.1,2018
211,Demarcus Robinson,KC,WR,16,0,0,0,0,0,22,288,4,0,3.3,52.8,2018
212,Benjamin Watson,NO,TE,16,0,0,0,0,0,35,400,2,0,3.2,52.0,2018
213,Keelan Cole,JAX,WR,16,0,0,0,0,0,38,491,1,2,3.2,51.1,2018
214,Vernon Davis,WAS,TE,14,0,0,0,0,0,25,367,2,0,3.6,50.7,2018
215,Chris Thompson,WAS,RB,10,0,0,0,178,0,41,268,1,0,5.1,50.6,2018
215,Taywan Taylor,TEN,WR,13,0,0,0,0,0,37,466,1,1,3.9,50.6,2018
217,Zach Zenner,DET,RB,8,0,0,0,265,3,7,56,0,0,6.3,50.1,2018
218,Phillip Dorsett,NE,WR,16,0,0,0,29,0,32,290,3,0,3.1,49.9,2018
219,Devontae Booker,DEN,RB,16,0,0,0,183,1,38,275,0,1,3.1,49.8,2018
220,Josh Johnson,WAS,QB,4,590,3,4,120,1,0,0,0,0,12.4,49.6,2018
221,Bilal Powell,NYJ,RB,7,0,0,0,343,0,11,110,1,1,7.0,49.3,2018
222,Quincy Enunwa,NYJ,WR,11,0,0,0,0,0,38,449,1,1,4.4,48.9,2018
223,Blake Jarwin,DAL,TE,16,0,0,0,0,0,27,307,3,0,3.0,48.7,2018
224,Dontrelle Inman,IND,WR,9,0,0,0,0,0,28,304,3,0,5.4,48.4,2018
224,Kenneth Dixon,BAL,RB,6,0,0,0,333,2,6,51,0,1,8.1,48.4,2018
226,Randall Cobb,GB,WR,9,0,0,0,0,0,38,383,2,1,5.4,48.3,2018
227,Jimmy Garoppolo,SF,QB,3,718,5,3,33,0,0,0,0,0,16.0,48.02,2018
228,Antonio Gates,LAC,TE,16,0,0,0,0,0,28,333,2,1,3.0,47.3,2018
229,Jaron Brown,SEA,WR,15,0,0,0,0,0,14,166,5,0,3.1,46.6,2018
230,Ty Montgomery,BAL,RB,13,0,0,0,188,1,25,235,0,1,3.6,46.3,2018
231,Breshad Perriman,CLE,WR,10,0,0,0,2,0,16,340,2,0,4.6,46.2,2018
232,Justin Jackson,LAC,RB,9,0,0,0,206,2,15,135,0,0,5.1,46.1,2018
233,Darren Sproles,PHI,RB,6,0,0,0,120,1,15,160,2,0,7.7,46.0,2018
234,Kapri Bibbs,GB,RB,12,0,0,0,103,3,16,115,1,0,3.8,45.8,2018
235,Jordan Thomas,HOU,TE,16,0,0,0,0,0,20,215,4,0,2.8,45.5,2018
236,Ian Thomas,CAR,TE,16,0,0,0,0,0,36,333,2,0,2.8,45.3,2018
237,Tajae Sharpe,TEN,WR,16,0,0,0,16,0,26,316,2,0,2.8,45.2,2018
238,Jacquizz Rodgers,TB,RB,16,0,0,0,106,1,38,304,0,1,2.8,45.0,2018
239,Nick Vannett,SEA,TE,15,0,0,0,0,0,29,269,3,0,3.0,44.9,2018
240,Jordan Wilkins,IND,RB,16,0,0,0,336,1,16,85,0,2,2.8,44.1,2018
241,Kelvin Benjamin,KC,WR,15,0,0,0,0,0,25,380,1,0,2.9,44.0,2018
242,Jonnu Smith,TEN,TE,13,0,0,0,0,0,20,258,3,0,3.4,43.8,2018
243,Jermaine Kearse,NYJ,WR,14,0,0,0,0,0,37,371,1,0,3.1,43.1,2018
243,Chase Edmonds,ARI,RB,16,0,0,0,208,2,20,103,0,0,2.7,43.1,2018
245,Geronimo Allison,GB,WR,5,0,0,0,0,0,20,303,2,0,8.5,42.3,2018
246,Jordan Matthews,PHI,WR,14,0,0,0,0,0,20,300,2,0,3.0,42.0,2018
247,Allen Hurns,DAL,WR,16,0,0,0,0,0,20,295,2,0,2.6,41.5,2018
248,Tyrod Taylor,CLE,QB,4,473,2,2,125,1,0,0,0,0,10.4,41.42,2018
249,Tyler Higbee,LAR,TE,16,0,0,0,0,0,24,292,2,0,2.6,41.2,2018
250,Ricky Seals-Jones,ARI,TE,15,0,0,0,0,0,34,343,1,0,2.7,40.3,2018
251,Jeff Heuerman,DEN,TE,11,0,0,0,0,0,31,281,2,0,3.6,40.1,2018
252,Zach Pascal,IND,WR,16,0,0,0,10,0,27,268,2,0,2.5,39.8,2018
253,Ryan Grant,IND,WR,14,0,0,0,0,0,35,334,1,0,2.8,39.4,2018
254,Jakeem Grant,MIA,WR,10,0,0,0,5,0,21,268,2,0,3.9,39.3,2018
255,Paul Richardson,WAS,WR,7,0,0,0,9,0,20,262,2,0,5.6,39.1,2018
256,Cody Kessler,JAX,QB,5,709,2,2,123,0,0,0,0,3,7.7,38.66,2018
257,Jay Ajayi,PHI,RB,4,0,0,0,184,3,5,20,0,1,9.6,38.4,2018
258,Kyle Juszczyk,SF,FB,16,0,0,0,30,0,30,324,1,2,2.3,37.4,2018
259,Tim Patrick,DEN,WR,16,0,0,0,17,0,23,315,1,1,2.3,37.2,2018
260,Terrelle Pryor,BUF,WR,8,0,0,0,-1,0,16,252,2,0,4.6,37.1,2018
261,Devante Parker,MIA,WR,11,0,0,0,0,0,24,309,1,0,3.4,36.9,2018
262,Daesean Hamilton,DEN,WR,14,0,0,0,0,0,30,243,2,0,2.6,36.3,2018
263,Laquon Treadwell,MIN,WR,15,0,0,0,0,0,35,302,1,0,2.4,36.2,2018
264,Rex Burkhead,NE,RB,8,0,0,0,186,0,14,131,1,1,4.5,35.7,2018
265,Ted Ginn,NO,WR,5,0,0,0,26,0,17,209,2,1,7.1,35.5,2018
266,Rhett Ellison,NYG,TE,14,0,0,0,0,0,25,272,1,0,2.5,35.2,2018
267,Keke Coutee,HOU,WR,6,0,0,0,0,0,28,287,1,0,5.8,34.7,2018
268,Pierre Garcon,SF,WR,8,0,0,0,0,0,24,286,1,0,4.3,34.6,2018
269,Jack Doyle,IND,TE,6,0,0,0,0,0,26,245,2,1,5.8,34.5,2018
269,Isaiah McKenzie,BUF,WR,8,0,0,0,66,2,18,179,0,1,4.3,34.5,2018
271,Demetrius Harris,KC,TE,15,0,0,0,0,0,12,164,3,0,2.3,34.4,2018
271,Malcolm Brown,LAR,RB,12,0,0,0,212,0,5,52,1,0,2.9,34.4,2018
273,Jason Croom,BUF,TE,15,0,0,0,0,1,22,259,1,2,2.3,33.9,2018
274,Ryan Switzer,PIT,WR,16,0,0,0,21,0,36,253,1,0,2.1,33.4,2018
275,Equanimeous St. Brown,GB,WR,12,0,0,0,5,0,21,328,0,0,2.8,33.3,2018
276,Ed Dickson,SEA,TE,10,0,0,0,9,0,12,143,3,0,3.3,33.2,2018
277,Blaine Gabbert,TEN,QB,8,626,4,4,0,0,0,0,0,0,4.1,33.04,2018
278,Torrey Smith,CAR,WR,11,0,0,0,0,0,17,190,2,0,3.0,33.0,2018
279,Keith Kirkwood,NO,WR,8,0,0,0,0,0,13,209,2,0,4.1,32.9,2018
280,Raheem Mostert,SF,RB,9,0,0,0,261,1,6,25,0,1,3.6,32.6,2018
281,Jeffery Wilson,SF,RB,6,0,0,0,266,0,12,98,0,2,5.4,32.4,2018
282,Levine Toilolo,DET,TE,16,0,0,0,0,0,21,263,1,0,2.0,32.3,2018
283,Trenton Cannon,NYJ,RB,16,0,0,0,113,1,17,144,0,0,2.0,31.7,2018
284,Tavon Austin,DAL,WR,7,0,0,0,55,0,8,140,2,0,4.5,31.5,2018
285,Maurice Harris,WAS,WR,12,0,0,0,10,0,28,304,0,0,2.6,31.4,2018
286,TJ Jones,DET,WR,15,0,0,0,0,0,19,190,2,0,2.1,31.0,2018
286,Matt LaCosse,DEN,TE,15,0,0,0,0,0,24,250,1,0,2.1,31.0,2018
288,James Develin,NE,RB,16,0,0,0,8,4,12,61,0,0,1.9,30.9,2018
289,Russell Shepard,NYG,WR,12,0,0,0,0,0,10,188,2,0,2.6,30.8,2018
290,Taysom Hill,NO,QB,16,64,0,1,196,2,3,4,0,1,1.9,30.56,2018
291,Ryan Griffin,HOU,TE,14,0,0,0,0,0,24,305,0,0,2.2,30.5,2018
291,Wayne Gallman,NYG,RB,15,0,0,0,176,1,14,89,0,1,2.0,30.5,2018
293,Geoff Swaim,DAL,TE,9,0,0,0,0,0,26,242,1,0,3.4,30.2,2018
294,Chase Daniel,CHI,QB,5,515,3,2,3,0,1,8,0,0,5.9,29.7,2018
294,Darren Fells,CLE,TE,16,0,0,0,0,0,11,117,3,0,1.9,29.7,2018
296,Trent Taylor,SF,WR,14,0,0,0,0,0,26,215,1,0,2.1,29.5,2018
297,Travis Benjamin,LAC,WR,12,0,0,0,41,0,12,186,1,0,2.4,28.7,2018
297,Kalen Ballage,MIA,RB,12,0,0,0,191,1,9,56,0,1,2.4,28.7,2018
299,Bruce Ellington,DET,WR,7,0,0,0,2,0,31,224,1,0,4.1,28.6,2018
300,Luke Stocker,TEN,TE,16,0,0,0,0,0,15,165,2,0,1.8,28.5,2018
1,Russell Wilson,SEA,QB,16,3983,34,11,586,3,0,0,0,3,21.7,347.92,2017
2,Todd Gurley,LAR,RB,15,0,0,0,1305,13,64,788,6,2,21.3,319.3,2017
3,Cam Newton,CAR,QB,16,3302,22,16,754,6,0,0,0,1,18.7,299.48,2017
4,Tom Brady,NE,QB,16,4577,32,8,28,0,0,0,0,3,18.5,295.88,2017
5,Alex Smith,KC,QB,15,4042,26,5,355,1,0,0,0,1,19.7,295.18,2017
6,Carson Wentz,PHI,QB,13,3296,33,7,299,0,0,0,0,3,21.7,281.74,2017
7,Kirk Cousins,WAS,QB,16,4093,27,13,179,4,0,0,0,5,17.4,277.62,2017
8,Matthew Stafford,DET,QB,16,4446,29,10,98,0,0,0,0,7,17.1,273.64,2017
9,Philip Rivers,LAC,QB,16,4515,28,10,-2,0,0,0,0,1,16.9,270.4,2017
10,Drew Brees,NO,QB,16,4334,23,8,12,2,0,0,0,0,16.4,262.56,2017
11,Ben Roethlisberger,PIT,QB,15,4251,28,14,47,0,0,0,0,1,17.4,260.74,2017
12,Dak Prescott,DAL,QB,16,3324,22,13,357,6,0,0,0,3,16.3,260.66,2017
13,Le'Veon Bell,PIT,RB,15,0,0,0,1291,9,85,655,2,2,17.1,256.6,2017
14,Jared Goff,LAR,QB,15,3804,28,7,51,1,0,0,0,3,17.0,255.26,2017
15,Blake Bortles,JAX,QB,16,3687,21,13,322,2,0,0,0,3,15.6,249.68,2017
16,Kareem Hunt,KC,RB,16,0,0,0,1327,8,53,455,3,1,15.1,242.2,2017
17,Case Keenum,MIN,QB,15,3547,22,7,160,1,0,0,0,1,15.9,237.88,2017
18,Alvin Kamara,NO,RB,16,0,0,0,728,8,81,826,5,1,14.6,233.4,2017
19,Melvin Gordon,LAC,RB,16,0,0,0,1105,8,58,476,4,0,14.4,230.1,2017
20,Matt Ryan,ATL,QB,16,4095,20,12,143,0,0,0,0,3,14.3,228.1,2017
21,Tyrod Taylor,BUF,QB,15,2799,14,4,427,4,0,0,0,2,14.8,222.66,2017
22,Mark Ingram,NO,RB,16,0,0,0,1124,12,58,416,0,3,13.8,220.0,2017
23,DeAndre Hopkins,HOU,WR,15,0,0,0,0,0,96,1378,13,1,14.3,213.8,2017
24,Andy Dalton,CIN,QB,16,3320,25,12,99,0,0,0,0,4,13.2,210.7,2017
25,Marcus Mariota,TEN,QB,15,3232,13,15,312,5,0,0,0,1,14.0,210.48,2017
26,Antonio Brown,PIT,WR,14,0,0,0,0,0,101,1533,9,0,15.0,209.3,2017
27,Derek Carr,OAK,QB,15,3496,22,13,66,0,0,0,0,3,13.8,206.44,2017
28,Jacoby Brissett,IND,QB,16,3098,13,7,260,4,0,0,0,3,12.9,205.92,2017
29,Josh McCown,NYJ,QB,13,2926,18,9,124,5,0,0,0,4,15.8,205.44,2017
30,LeSean McCoy,BUF,RB,16,0,0,0,1138,6,59,448,2,1,12.8,204.6,2017
31,Jameis Winston,TB,QB,13,3504,19,11,135,1,0,0,0,7,15.5,201.66,2017
32,Leonard Fournette,JAX,RB,13,0,0,0,1040,9,36,302,1,0,14.9,194.2,2017
33,Eli Manning,NYG,QB,15,3468,19,13,26,1,0,0,0,5,12.5,187.32,2017
34,Joe Flacco,BAL,QB,16,3141,18,13,54,1,0,0,0,0,11.6,185.04,2017
35,Keenan Allen,LAC,WR,16,0,0,0,9,1,102,1393,6,0,11.4,182.2,2017
36,Ezekiel Elliott,DAL,RB,10,0,0,0,983,7,26,269,2,1,17.7,177.2,2017
37,Jordan Howard,CHI,RB,16,0,0,0,1122,9,23,125,0,1,11.0,176.7,2017
38,Deshone Kizer,CLE,QB,15,2894,11,22,419,5,0,0,0,6,11.7,175.66,2017
39,Carlos Hyde,SF,RB,16,0,0,0,938,8,59,350,0,1,10.9,174.8,2017
40,Deshaun Watson,HOU,QB,7,1699,19,8,269,2,0,0,0,1,24.1,168.86,2017
41,Dion Lewis,NE,RB,16,0,0,0,896,6,32,214,3,0,10.3,165.0,2017
42,Devonta Freeman,ATL,RB,14,0,0,0,865,7,36,317,1,1,11.7,164.2,2017
42,Tyreek Hill,KC,WR,15,0,0,1,59,0,75,1183,7,0,10.9,164.2,2017
44,Marvin Jones,DET,WR,16,0,0,0,0,0,61,1101,9,0,10.3,164.1,2017
45,Julio Jones,ATL,WR,16,0,0,0,15,0,88,1444,3,0,10.2,163.9,2017
46,Rob Gronkowski,NE,TE,14,0,0,0,0,0,69,1084,8,0,11.3,158.4,2017
47,Jay Cutler,MIA,QB,14,2666,19,14,32,0,0,0,0,0,11.3,157.84,2017
48,Lamar Miller,HOU,RB,16,0,0,0,888,3,36,327,3,0,9.8,157.5,2017
49,Brandin Cooks,NE,WR,16,0,0,0,40,0,65,1082,7,0,9.8,156.2,2017
50,Michael Thomas,NO,WR,16,0,0,0,0,0,104,1245,5,0,9.7,154.5,2017
51,Larry Fitzgerald,ARI,WR,16,21,0,0,0,0,109,1156,6,1,9.5,152.44,2017
52,AJ Green,CIN,WR,16,0,0,0,0,0,75,1078,8,2,9.5,151.8,2017
53,Travis Kelce,KC,TE,15,0,0,1,7,0,83,1038,8,0,10.0,150.5,2017
54,Adam Thielen,MIN,WR,16,0,0,0,11,0,91,1276,4,2,9.3,148.7,2017
55,Christian McCaffrey,CAR,RB,16,0,0,0,435,2,80,651,5,1,9.3,148.6,2017
56,Davante Adams,GB,WR,14,0,0,0,0,0,74,885,10,0,10.6,148.5,2017
57,Doug Baldwin,SEA,WR,16,0,0,0,-8,0,75,991,8,0,9.3,148.3,2017
58,Jarvis Landry,MIA,WR,16,0,0,0,-7,0,112,987,9,2,9.2,148.0,2017
58,Alex Collins,BAL,RB,15,0,0,0,973,6,23,187,0,2,9.9,148.0,2017
60,CJ Anderson,DEN,RB,16,0,0,0,1007,3,28,224,1,1,9.2,147.1,2017
61,Frank Gore,IND,RB,16,0,0,0,961,3,29,245,1,0,9.0,144.6,2017
62,Marshawn Lynch,OAK,RB,15,0,0,0,891,7,20,151,0,1,9.6,144.2,2017
63,Latavius Murray,MIN,RB,16,0,0,0,842,8,15,103,0,0,8.9,142.5,2017
64,Duke Johnson,CLE,RB,16,0,0,0,348,4,74,693,3,2,8.9,142.1,2017
65,Tevin Coleman,ATL,RB,15,0,0,0,628,5,27,299,3,0,9.4,140.7,2017
66,Alshon Jeffery,PHI,WR,16,0,0,0,0,0,57,789,9,0,8.7,138.9,2017
67,Robby Anderson,NYJ,WR,16,0,0,0,9,0,63,941,7,0,8.6,137.0,2017
68,Mitch Trubisky,CHI,QB,12,2193,7,7,248,2,0,0,0,3,11.2,134.52,2017
69,Stefon Diggs,MIN,WR,14,0,0,0,13,0,64,849,8,0,9.6,134.2,2017
70,JuJu Smith-Schuster,PIT,WR,14,0,0,0,0,0,58,917,7,0,9.6,133.7,2017
71,Golden Tate,DET,WR,16,0,0,0,22,0,92,1003,5,1,8.3,132.5,2017
71,DeMarco Murray,TEN,RB,15,0,0,0,659,6,39,266,1,1,8.8,132.5,2017
73,Mike Evans,TB,WR,15,0,0,0,0,0,71,1001,5,0,8.8,132.1,2017
74,Devin Funchess,CAR,WR,16,0,0,0,0,0,63,840,8,0,8.2,132.0,2017
75,Nelson Agholor,PHI,WR,16,0,0,0,7,1,62,768,8,0,8.2,131.5,2017
76,Aaron Rodgers,GB,QB,7,1675,16,6,126,0,0,0,0,1,18.5,129.6,2017
77,Zach Ertz,PHI,TE,14,0,0,0,0,0,74,824,8,1,9.2,128.4,2017
78,Jerick McKinnon,MIN,RB,16,0,0,0,570,3,51,421,2,2,7.9,127.1,2017
79,Trevor Siemian,DEN,QB,11,2285,12,14,127,1,0,0,0,2,11.5,126.1,2017
80,Derrick Henry,TEN,RB,16,0,0,0,744,5,11,136,1,0,7.8,124.0,2017
81,Brett Hundley,GB,QB,11,1836,9,12,270,2,1,10,0,2,11.2,123.44,2017
82,Demaryius Thomas,DEN,WR,16,0,0,0,0,0,83,949,5,1,7.7,122.9,2017
83,Bilal Powell,NYJ,RB,15,0,0,0,772,5,23,170,0,1,8.1,122.2,2017
84,Javorius Allen,BAL,RB,16,0,0,0,591,4,46,250,2,0,7.5,120.1,2017
85,Orleans Darkwa,NYG,RB,15,0,0,0,751,5,19,116,0,0,7.9,118.7,2017
86,T.Y. Hilton,IND,WR,16,0,0,0,0,0,57,966,4,1,7.4,118.6,2017
87,Jamaal Williams,GB,RB,16,0,0,0,556,4,25,262,2,0,7.4,117.8,2017
88,Dez Bryant,DAL,WR,16,0,0,0,-4,0,69,838,6,1,7.3,117.4,2017
89,Kenny Stills,MIA,WR,16,0,0,0,0,0,58,847,6,2,7.3,116.7,2017
90,Isaiah Crowell,CLE,RB,16,0,0,0,853,2,28,182,0,1,7.2,115.5,2017
91,Cooper Kupp,LAR,WR,15,0,0,0,0,0,62,869,5,1,7.7,114.9,2017
92,Jimmy Graham,SEA,TE,16,0,0,0,0,0,57,520,10,0,7.1,114.0,2017
93,Michael Crabtree,OAK,WR,14,0,0,0,0,0,58,618,8,0,8.1,113.8,2017
94,Marquise Goodwin,SF,WR,16,0,0,0,44,0,56,962,2,0,7.0,112.6,2017
95,Chris Thompson,WAS,RB,10,0,0,0,294,2,39,510,4,2,11.2,112.4,2017
96,Joe Mixon,CIN,RB,14,0,0,0,626,4,30,287,0,2,8.0,111.3,2017
97,Jay Ajayi,PHI,RB,14,0,0,0,873,1,24,158,1,2,7.9,111.1,2017
98,Jermaine Kearse,NYJ,WR,16,0,0,0,0,0,65,810,5,0,6.9,111.0,2017
99,Amari Cooper,OAK,WR,14,0,0,0,4,0,48,680,7,0,7.9,110.4,2017
100,Kenyan Drake,MIA,RB,16,0,0,0,644,3,32,239,1,2,6.9,110.3,2017
101,Evan Engram,NYG,TE,15,0,0,0,14,0,64,722,6,0,7.3,109.6,2017
102,Jonathan Stewart,CAR,RB,15,0,0,0,680,6,8,52,1,3,7.3,109.2,2017
103,Giovani Bernard,CIN,RB,16,0,0,0,458,2,43,389,2,0,6.8,108.7,2017
104,Mohamed Sanu,ATL,WR,15,51,1,0,10,0,67,703,5,0,7.2,107.34,2017
105,Robert Woods,LAR,WR,12,0,0,0,12,0,56,781,5,1,8.9,107.3,2017
105,Sammy Watkins,LAR,WR,15,0,0,0,0,0,39,593,8,0,7.2,107.3,2017
107,Ted Ginn,NO,WR,15,0,0,0,39,0,53,787,4,0,7.1,106.6,2017
108,Paul Richardson,SEA,WR,16,0,0,0,0,0,44,703,6,0,6.6,106.3,2017
109,Rishard Matthews,TEN,WR,14,0,0,0,-3,0,53,795,4,0,7.4,103.2,2017
110,Carson Palmer,ARI,QB,7,1978,9,7,12,0,0,0,0,0,14.6,102.32,2017
111,Kyle Rudolph,MIN,TE,16,0,0,0,0,0,57,532,8,0,6.3,101.2,2017
112,Theo Riddick,DET,RB,16,0,0,0,286,3,53,444,2,1,6.3,101.0,2017
113,Delanie Walker,TEN,TE,16,0,0,0,-2,1,74,807,3,2,6.3,100.5,2017
114,Rex Burkhead,NE,RB,10,0,0,0,264,5,30,254,3,0,10.0,99.8,2017
115,LeGarrette Blount,PHI,RB,16,0,0,0,766,2,8,50,1,1,6.2,99.6,2017
116,Ameer Abdullah,DET,RB,14,0,0,0,552,4,25,162,1,1,7.1,99.4,2017
117,Mike Wallace,BAL,WR,15,0,0,0,4,0,52,748,4,0,6.6,99.2,2017
118,Cameron Brate,TB,TE,16,0,0,0,0,0,48,591,6,0,5.9,95.1,2017
119,Tyrell Williams,LAC,WR,16,0,0,0,0,0,43,728,4,1,5.9,94.8,2017
120,Jamison Crowder,WAS,WR,15,0,0,0,34,0,66,789,3,3,6.3,94.3,2017
121,Randall Cobb,GB,WR,15,10,0,0,17,0,66,653,4,0,6.2,93.4,2017
122,Marqise Lee,JAX,WR,14,0,0,0,17,0,56,702,3,0,6.6,91.9,2017
123,Tarik Cohen,CHI,RB,16,21,1,0,370,2,53,353,1,2,5.7,91.14,2017
124,Keelan Cole,JAX,WR,16,0,0,0,0,0,42,748,3,1,5.7,90.8,2017
125,Travis Benjamin,LAC,WR,16,0,0,0,96,0,34,567,4,0,5.6,90.3,2017
126,Jack Doyle,IND,TE,15,0,0,0,0,0,80,690,4,2,5.9,89.0,2017
127,CJ Beathard,SF,QB,7,1430,4,6,136,3,0,0,0,2,12.7,88.8,2017
128,DeSean Jackson,TB,WR,14,0,0,0,38,0,50,668,3,0,6.3,88.6,2017
129,Kelvin Benjamin,BUF,WR,14,0,0,0,0,0,48,692,3,0,6.2,87.2,2017
130,Jimmy Garoppolo,SF,QB,6,1560,7,5,11,1,1,-6,0,0,14.5,86.9,2017
131,Samaje Perine,WAS,RB,16,0,0,0,603,1,22,182,1,2,5.4,86.5,2017
132,Sterling Shepard,NYG,WR,11,0,0,0,4,0,59,731,2,0,7.8,85.5,2017
133,Will Fuller,HOU,WR,10,0,0,0,9,0,28,423,7,0,8.5,85.2,2017
134,Josh Doctson,WAS,WR,16,0,0,0,-14,0,35,502,6,0,5.3,84.8,2017
135,Jordy Nelson,GB,WR,15,0,0,0,0,0,53,482,6,0,5.6,84.2,2017
136,Jason Witten,DAL,TE,16,0,0,0,0,0,63,560,5,1,5.2,84.0,2017
137,Matt Forte,NYJ,RB,12,0,0,0,381,2,37,293,1,1,7.0,83.4,2017
138,Martavis Bryant,PIT,WR,15,0,0,0,22,0,50,603,3,0,5.5,82.5,2017
138,Matt Breida,SF,RB,16,0,0,0,465,2,21,180,1,0,5.2,82.5,2017
140,Tyler Kroft,CIN,TE,16,0,0,0,0,0,42,404,7,0,5.2,82.4,2017
140,Corey Clement,PHI,RB,16,0,0,0,321,4,10,123,2,0,5.2,82.4,2017
142,Marlon Mack,IND,RB,14,0,0,0,358,3,21,225,1,0,5.9,82.3,2017
143,Hunter Henry,LAC,TE,14,0,0,0,0,0,45,579,4,0,5.8,81.9,2017
144,Ryan Grant,WAS,WR,16,0,0,0,0,0,45,573,4,0,5.1,81.3,2017
145,Austin Ekeler,LAC,RB,16,0,0,0,260,2,27,279,3,2,5.0,79.9,2017
146,Eric Ebron,DET,TE,16,0,0,0,0,0,53,574,4,1,5.0,79.4,2017
147,Vernon Davis,WAS,TE,16,0,0,0,0,0,43,648,3,2,4.9,78.8,2017
147,Jared Cook,OAK,TE,16,0,0,0,0,0,54,688,2,1,4.9,78.8,2017
149,James White,NE,RB,14,0,0,0,171,0,56,429,3,0,5.6,78.0,2017
150,Danny Amendola,NE,WR,15,0,0,0,0,0,61,659,2,0,5.2,77.9,2017
151,Benjamin Watson,BAL,TE,16,0,0,0,0,0,61,522,4,0,4.8,76.2,2017
152,Chris Hogan,NE,WR,9,0,0,0,17,0,34,439,5,0,8.4,75.6,2017
153,OJ Howard,TB,TE,14,0,0,0,0,0,26,432,6,2,5.4,75.2,2017
154,Albert Wilson,KC,WR,13,0,0,0,6,0,42,554,3,0,5.7,74.0,2017
155,Ryan Fitzpatrick,TB,QB,6,1103,7,3,78,0,0,0,0,0,12.3,73.92,2017
156,Rod Smith,DAL,RB,15,0,0,0,232,4,19,202,1,0,4.9,73.4,2017
157,Tyler Lockett,SEA,WR,16,0,0,0,58,0,45,555,2,0,4.6,73.3,2017
158,Devante Parker,MIA,WR,13,0,0,0,0,0,57,670,1,0,5.6,73.0,2017
159,Brandon LaFell,CIN,WR,16,0,0,0,0,0,52,548,3,0,4.6,72.8,2017
160,Jaron Brown,ARI,WR,16,0,0,0,0,0,31,477,4,0,4.5,71.7,2017
161,Aaron Jones,GB,RB,12,0,0,0,448,4,9,22,0,0,5.9,71.0,2017
162,Wayne Gallman,NYG,RB,13,0,0,0,476,0,34,193,1,1,5.5,70.9,2017
163,Austin Hooper,ATL,TE,16,0,0,0,0,0,49,526,3,0,4.4,70.6,2017
164,Peyton Barber,TB,RB,16,0,0,0,423,3,16,114,0,1,4.4,69.7,2017
165,Ty Montgomery,GB,RB,8,0,0,0,273,3,23,173,1,0,8.6,68.6,2017
166,Brock Osweiler,DEN,QB,6,1088,5,5,66,1,0,0,0,1,11.4,68.12,2017
167,Adrian Peterson,ARI,RB,10,0,0,0,529,2,11,70,0,2,6.8,67.9,2017
168,Charles Clay,BUF,TE,13,0,0,0,0,0,49,558,2,0,5.2,67.8,2017
168,Mike Gillislee,NE,RB,9,0,0,0,383,5,1,15,0,1,7.5,67.8,2017
170,Adam Humphries,TB,WR,16,0,0,0,6,0,61,631,1,1,4.2,67.7,2017
171,Emmanuel Sanders,DEN,WR,12,0,0,0,0,0,47,555,2,0,5.6,67.5,2017
172,Kendall Wright,CHI,WR,16,0,0,0,0,0,59,614,1,0,4.2,67.4,2017
173,Deonte Thompson,BUF,WR,16,0,0,0,-5,0,38,555,2,0,4.2,67.0,2017
173,Doug Martin,TB,RB,11,0,0,0,406,3,9,84,0,1,6.1,67.0,2017
175,Kenny Golladay,DET,WR,11,0,0,0,9,0,28,477,3,0,6.1,66.6,2017
176,Alfred Morris,DAL,RB,14,0,0,0,547,1,7,45,0,0,4.7,65.2,2017
177,JJ Nelson,ARI,WR,16,0,0,0,37,0,29,508,2,1,4.0,64.5,2017
178,Brian Hoyer,NE,QB,11,1287,4,4,4,1,0,0,0,1,5.8,63.88,2017
179,Marcedes Lewis,JAX,TE,16,0,0,0,0,0,24,318,5,0,4.0,63.8,2017
180,Chris Ivory,JAX,RB,14,0,0,0,382,1,21,175,1,2,4.6,63.7,2017
181,George Kittle,SF,TE,15,0,0,0,0,0,43,515,2,0,4.2,63.5,2017
182,JD McKissic,SEA,RB,13,0,0,0,187,1,34,266,2,0,4.9,63.3,2017
183,David Njoku,CLE,TE,16,0,0,0,1,0,32,386,4,0,3.9,62.7,2017
184,Eric Decker,TEN,WR,16,0,0,0,0,0,54,563,1,0,3.9,62.3,2017
185,Jeremy Maclin,BAL,WR,12,0,0,0,0,0,40,440,3,0,5.2,62.0,2017
186,Blaine Gabbert,ARI,QB,5,1086,6,6,82,0,0,0,0,2,12.3,61.64,2017
187,Devontae Booker,DEN,RB,13,0,0,0,299,1,30,275,0,1,4.7,61.4,2017
188,Allen Hurns,JAX,WR,10,0,0,0,0,0,39,484,2,0,6.0,60.4,2017
189,Elijah McGuire,NYJ,RB,16,0,0,0,315,1,17,177,1,2,3.7,59.2,2017
190,Jalen Richard,OAK,RB,16,0,0,0,275,1,27,256,1,3,3.7,59.1,2017
191,Chris Godwin,TB,WR,16,0,0,0,0,0,34,525,1,0,3.7,58.5,2017
192,Terrance Williams,DAL,WR,16,0,0,0,15,0,53,568,0,0,3.6,58.3,2017
193,Kerwynn Williams,ARI,RB,16,0,0,0,426,1,10,93,0,0,3.6,57.9,2017
194,TJ Yeldon,JAX,RB,10,0,0,0,253,2,30,224,0,1,5.8,57.7,2017
195,Garrett Celek,SF,TE,16,0,0,0,0,0,21,336,4,0,3.6,57.6,2017
196,Julius Thomas,MIA,TE,14,0,0,0,0,0,41,388,3,0,4.1,56.8,2017
196,Trey Burton,PHI,TE,15,0,0,0,0,0,23,248,5,0,3.8,56.8,2017
198,Cole Beasley,DAL,WR,15,0,0,0,0,0,36,314,4,0,3.7,55.4,2017
199,Jesse James,PIT,TE,16,0,0,0,0,0,43,372,3,0,3.4,55.2,2017
200,Cordarrelle Patterson,OAK,WR,16,0,0,0,121,2,31,309,0,0,3.4,55.0,2017
201,Torrey Smith,PHI,WR,16,0,0,0,-3,0,36,430,2,0,3.4,54.7,2017
202,Dalvin Cook,MIN,RB,4,0,0,0,354,2,11,90,0,1,13.6,54.4,2017
203,Roger Lewis,NYG,WR,15,0,0,0,0,0,36,416,2,0,3.6,53.6,2017
204,Bennie Fowler,DEN,WR,16,0,0,0,0,0,29,350,3,0,3.3,53.0,2017
204,Trent Taylor,SF,WR,15,0,0,0,0,0,43,430,2,1,3.5,53.0,2017
206,Austin Seferian-Jenkins,NYJ,TE,13,0,0,0,0,0,50,357,3,1,4.0,51.7,2017
207,Donte Moncrief,IND,WR,12,0,0,0,0,0,26,391,2,0,4.3,51.1,2017
208,Deandre Washington,OAK,RB,15,0,0,0,153,2,34,197,1,1,3.4,51.0,2017
208,D'Onta Foreman,HOU,RB,10,0,0,0,327,2,6,83,0,1,5.1,51.0,2017
210,Tom Savage,HOU,QB,8,1412,5,6,2,0,0,0,0,7,6.3,50.68,2017
211,Drew Stanton,ARI,QB,5,894,6,5,7,0,0,0,0,0,10.1,50.46,2017
212,Brandon Coleman,NO,WR,16,0,0,0,0,0,23,364,3,2,3.2,50.4,2017
213,Pierre Garcon,SF,WR,8,0,0,0,0,0,40,500,0,0,6.2,50.0,2017
214,Ed Dickson,CAR,TE,16,0,0,0,0,0,30,437,1,0,3.1,49.7,2017
214,Brice Butler,DAL,WR,13,0,0,0,0,0,15,317,3,0,3.8,49.7,2017
216,Antonio Gates,LAC,TE,16,0,0,0,0,0,30,316,3,0,3.1,49.6,2017
217,Odell Beckham Jr,NYG,WR,4,0,0,0,8,0,25,302,3,0,12.2,49.0,2017
218,John Brown,ARI,WR,10,0,0,0,10,0,21,299,3,0,4.9,48.9,2017
219,Taylor Gabriel,ATL,WR,16,0,0,0,49,0,33,378,1,0,3.0,48.7,2017
220,Andre Ellington,HOU,RB,12,0,0,0,55,1,39,369,0,0,4.0,48.4,2017
221,TJ Jones,DET,WR,14,0,0,0,0,0,30,399,1,0,3.4,47.9,2017
222,Seth Roberts,OAK,WR,15,0,0,0,0,0,43,455,1,2,3.2,47.5,2017
223,Bruce Ellington,HOU,WR,11,0,0,0,17,0,29,330,2,0,4.2,46.7,2017
224,Charcandrick West,KC,RB,13,0,0,0,72,2,27,150,2,0,3.6,46.2,2017
225,Jamaal Charles,DEN,RB,14,0,0,0,296,1,23,129,0,2,3.2,44.5,2017
226,Jermaine Gresham,ARI,TE,14,0,0,0,0,0,33,322,2,0,3.2,44.2,2017
226,Josh Bellamy,CHI,WR,15,0,0,0,6,0,24,376,1,0,2.9,44.2,2017
228,Zay Jones,BUF,WR,15,0,0,0,0,0,27,316,2,0,2.9,43.6,2017
229,Seth DeValve,CLE,TE,16,0,0,0,0,0,33,395,1,1,2.7,43.5,2017
230,Cody Latimer,DEN,WR,11,0,0,0,0,0,19,287,2,0,3.9,42.7,2017
231,Corey Coleman,CLE,WR,9,0,0,0,0,0,23,305,2,0,4.7,42.5,2017
232,Tavarres King,NYG,WR,8,0,0,0,3,0,18,240,3,0,5.3,42.3,2017
233,Nick O'Leary,BUF,TE,15,0,0,0,0,0,22,322,2,1,2.8,42.2,2017
234,Chris Moore,BAL,WR,13,0,0,0,-9,0,18,248,3,0,3.2,41.9,2017
235,Rashard Higgins,CLE,WR,15,0,0,0,4,0,27,312,2,1,2.8,41.6,2017
236,Coby Fleener,NO,TE,11,0,0,0,0,0,22,295,2,0,3.8,41.5,2017
237,Matt Moore,MIA,QB,4,861,4,5,9,0,0,0,0,0,10.3,41.34,2017
238,Dontrelle Inman,CHI,WR,12,0,0,0,0,0,25,343,1,0,3.4,40.3,2017
239,Stephen Anderson,HOU,TE,15,0,0,0,0,0,25,342,1,0,2.7,40.2,2017
240,Justin Hardy,ATL,WR,16,0,0,0,0,0,20,221,3,0,2.5,40.1,2017
241,Dede Westbrook,JAX,WR,7,0,0,0,0,0,27,339,1,0,5.7,39.9,2017
242,Shane Vereen,NYG,RB,16,0,0,1,164,0,44,253,0,0,2.5,39.7,2017
243,Damien Williams,MIA,RB,11,0,0,0,181,0,20,155,1,0,3.6,39.6,2017
244,Josh Gordon,CLE,WR,5,0,0,0,0,0,18,335,1,0,7.9,39.5,2017
245,Luke Willson,SEA,TE,16,0,0,0,0,0,15,153,4,0,2.5,39.3,2017
246,Rob Kelley,WAS,RB,7,0,0,0,194,3,4,18,0,0,5.6,39.2,2017
247,Corey Grant,JAX,RB,16,0,0,0,248,2,3,41,0,1,2.4,38.9,2017
248,Charles Sims,TB,RB,16,0,0,0,95,0,35,249,1,1,2.4,38.4,2017
249,Ricky Seals-Jones,ARI,TE,9,0,0,0,0,0,12,201,3,0,4.2,38.1,2017
250,Aldrick Robinson,SF,WR,16,0,0,0,0,0,19,260,2,0,2.4,38.0,2017
251,Jacquizz Rodgers,TB,RB,16,0,0,0,244,1,9,74,0,0,2.4,37.8,2017
252,Kenny Britt,NE,WR,12,0,0,0,0,0,20,256,2,0,3.1,37.6,2017
252,Alfred Blue,HOU,RB,11,0,0,0,262,1,7,54,0,0,3.4,37.6,2017
254,Mike Davis,SEA,RB,6,0,0,0,240,0,15,131,0,0,6.2,37.1,2017
255,Benjamin Cunningham,CHI,RB,14,0,0,0,29,0,20,240,2,1,2.6,36.9,2017
256,Kyle Juszczyk,SF,FB,14,0,0,0,31,0,33,315,1,2,2.6,36.6,2017
257,Mike Tolbert,BUF,FB,12,0,0,0,247,1,14,78,0,1,3.0,36.5,2017
258,Malcolm Brown,LAR,RB,11,0,0,0,246,1,9,53,0,0,3.3,35.9,2017
259,Johnny Holton,OAK,WR,16,0,0,0,0,0,9,218,3,2,2.2,35.8,2017
260,Darren Fells,DET,TE,16,0,0,0,0,0,17,177,3,0,2.2,35.7,2017
260,Ricardo Louis,CLE,WR,16,0,0,0,0,0,27,357,0,0,2.2,35.7,2017
260,Gerald Everett,LAR,TE,16,0,0,0,13,0,16,244,2,1,2.2,35.7,2017
263,Zach Miller,CHI,TE,8,0,0,0,0,0,20,236,2,0,4.4,35.6,2017
264,Rhett Ellison,NYG,TE,16,0,0,0,0,0,24,235,2,0,2.2,35.5,2017
264,Tyler Higbee,LAR,TE,16,0,0,0,0,0,25,295,1,0,2.2,35.5,2017
264,Corey Davis,TEN,WR,11,0,0,0,0,0,34,375,0,1,3.2,35.5,2017
267,Chester Rogers,IND,WR,11,0,0,0,8,0,23,284,1,0,3.2,35.2,2017
268,Tyler Boyd,CIN,WR,10,0,0,0,0,0,22,225,2,0,3.4,34.5,2017
269,AJ Derby,MIA,TE,11,0,0,0,0,0,21,244,2,1,3.1,34.4,2017
270,TJ Yates,HOU,QB,4,523,4,3,51,0,0,0,0,1,8.5,34.02,2017
271,Nick Foles,PHI,QB,7,537,5,2,3,0,0,0,0,2,4.8,33.78,2017
271,Kevin Hogan,CLE,QB,4,517,4,5,71,0,0,0,0,0,8.4,33.78,2017
273,Mike Glennon,CHI,QB,4,833,4,5,4,0,0,0,0,3,8.4,33.72,2017
274,Wendell Smallwood,PHI,RB,8,0,0,0,174,1,13,103,0,0,4.2,33.7,2017
275,Taywan Taylor,TEN,WR,16,0,0,0,43,0,16,231,1,0,2.1,33.4,2017
276,Jordan Reed,WAS,TE,6,0,0,0,0,0,27,211,2,0,5.5,33.1,2017
277,Chris Carson,SEA,RB,4,0,0,0,208,0,7,59,1,0,8.2,32.7,2017
278,Jordan Matthews,BUF,WR,10,0,0,0,0,0,25,282,1,1,3.2,32.2,2017
279,Jarius Wright,MIN,WR,16,0,0,0,0,0,18,198,2,0,2.0,31.8,2017
280,Jakeem Grant,MIA,WR,16,0,0,0,12,0,13,203,2,1,2.0,31.5,2017
281,Adam Shaheen,CHI,TE,13,0,0,0,0,0,12,127,3,0,2.4,30.7,2017
282,Tavon Austin,LAR,WR,16,0,0,0,270,1,13,56,0,4,1.9,30.6,2017
283,Andre Holmes,BUF,WR,14,0,0,0,0,0,13,120,3,0,2.1,30.0,2017
283,Terrelle Pryor,WAS,WR,9,0,0,0,0,0,20,240,1,0,3.3,30.0,2017
285,Tion Green,DET,RB,5,0,0,0,165,2,2,14,0,0,6.0,29.9,2017
286,Martellus Bennett,NE,TE,9,0,0,0,0,0,30,286,0,0,3.2,28.6,2017
286,Mack Hollins,PHI,WR,16,0,0,0,0,0,16,226,1,0,1.8,28.6,2017
288,Demetrius Harris,KC,TE,16,0,0,0,0,0,18,224,1,0,1.8,28.4,2017
289,Elijhaa Penny,ARI,RB,16,0,0,0,124,2,4,38,0,0,1.8,28.2,2017
290,Russell Shepard,CAR,WR,15,0,0,0,19,0,17,202,1,0,1.9,28.1,2017
291,Jonnu Smith,TEN,TE,16,0,0,0,0,0,18,157,2,0,1.7,27.7,2017
292,Michael Campanaro,BAL,WR,13,0,0,0,42,0,19,173,1,0,2.1,27.5,2017
293,Sam Bradford,MIN,QB,2,382,3,0,-3,0,0,0,0,0,13.5,26.98,2017
294,Kapri Bibbs,WAS,RB,3,0,0,0,79,0,14,128,1,0,8.9,26.7,2017
294,De'Anthony Thomas,KC,WR,16,0,0,0,4,0,14,143,2,0,1.7,26.7,2017
296,Lance Kendricks,GB,TE,16,0,0,0,0,0,18,203,1,0,1.6,26.3,2017
297,Jeff Heuerman,DEN,TE,14,0,0,0,0,0,9,142,2,0,1.9,26.2,2017
298,Terrance West,BAL,RB,5,0,0,0,138,2,2,23,0,1,5.2,26.1,2017
299,Kendrick Bourne,SF,WR,11,0,0,0,0,0,16,257,0,0,2.3,25.7,2017
300,Danny Woodhead,BAL,RB,8,0,0,0,56,0,33,200,0,0,3.2,25.6,2017
1,Aaron Rodgers,GB,QB,16,4428,40,7,369,4,0,0,0,4,23.8,380.02,2016
2,Matt Ryan,ATL,QB,16,4944,38,7,117,0,0,0,0,2,21.7,347.46,2016
3,Drew Brees,NO,QB,16,5208,37,15,20,2,0,0,0,4,20.8,332.32,2016
4,David Johnson,ARI,RB,16,0,0,0,1239,16,80,879,4,3,20.5,327.8,2016
5,Andrew Luck,IND,QB,15,4240,31,13,341,2,0,0,0,5,20.5,307.7,2016
6,Kirk Cousins,WAS,QB,16,4917,25,12,96,4,0,0,0,3,18.8,300.28,2016
7,Ezekiel Elliott,DAL,RB,15,0,0,0,1631,15,32,363,1,1,19.6,293.4,2016
8,Dak Prescott,DAL,QB,16,3667,23,4,282,6,0,0,0,4,17.9,286.88,2016
9,Matthew Stafford,DET,QB,16,4327,24,10,207,2,0,0,0,2,17.5,279.78,2016
10,Tyrod Taylor,BUF,QB,15,3023,17,6,580,6,0,0,0,2,18.1,270.92,2016
11,Blake Bortles,JAX,QB,16,3905,23,16,359,3,1,20,1,6,16.9,270.1,2016
12,Derek Carr,OAK,QB,15,3933,28,6,69,0,0,0,0,3,17.9,268.22,2016
13,Russell Wilson,SEA,QB,16,4219,21,11,259,1,2,14,1,2,16.8,268.06,2016
14,Andy Dalton,CIN,QB,16,4206,18,8,184,4,0,0,0,3,16.3,260.64,2016
15,Marcus Mariota,TEN,QB,15,3426,26,9,349,2,0,0,0,5,17.3,259.94,2016
16,Philip Rivers,LAC,QB,16,4386,33,21,35,0,0,0,0,5,16.2,258.94,2016
17,Tom Brady,NE,QB,12,3554,28,2,64,0,0,0,0,0,21.5,258.56,2016
18,Jameis Winston,TB,QB,16,4090,28,18,168,1,0,0,0,6,16.0,256.4,2016
19,Cam Newton,CAR,QB,15,3509,19,14,359,5,0,0,0,2,17.0,254.26,2016
20,Ben Roethlisberger,PIT,QB,14,3819,29,13,14,1,0,0,0,2,18.0,252.16,2016
21,LeSean McCoy,BUF,RB,15,0,0,0,1267,13,51,356,1,0,16.6,248.3,2016
22,Carson Palmer,ARI,QB,15,4233,26,14,38,0,0,0,0,4,16.2,243.12,2016
23,Joe Flacco,BAL,QB,16,4317,20,15,58,2,0,0,0,3,15.2,242.48,2016
24,Le'Veon Bell,PIT,RB,12,0,0,0,1268,7,75,616,2,1,20.2,242.4,2016
25,DeMarco Murray,TEN,RB,16,10,1,0,1287,9,53,377,3,1,15.0,240.8,2016
26,Devonta Freeman,ATL,RB,16,0,0,0,1079,11,54,462,2,1,14.4,230.1,2016
27,LeGarrette Blount,NE,RB,16,0,0,0,1161,18,7,38,0,1,14.1,225.9,2016
28,Eli Manning,NYG,QB,16,4027,26,16,-9,0,0,0,0,4,14.0,224.18,2016
29,Alex Smith,KC,QB,15,3502,15,8,134,5,1,3,0,4,14.9,223.78,2016
30,Sam Bradford,MIN,QB,15,3877,20,5,53,0,1,5,0,5,14.7,220.88,2016
31,Carson Wentz,PHI,QB,16,3782,16,14,150,2,1,7,0,3,13.3,212.98,2016
32,Melvin Gordon,LAC,RB,13,0,0,0,997,10,41,419,2,2,16.1,209.6,2016
33,Mike Evans,TB,WR,16,0,0,0,0,0,96,1321,12,0,13.0,208.1,2016
34,Jordy Nelson,GB,WR,16,0,0,0,0,0,97,1257,14,1,13.0,207.7,2016
35,Antonio Brown,PIT,WR,15,0,0,0,9,0,106,1284,12,0,13.4,201.3,2016
36,Jordan Howard,CHI,RB,15,0,0,0,1313,6,29,298,1,1,13.4,201.1,2016
37,Colin Kaepernick,SF,QB,12,2241,16,4,468,2,0,0,0,3,16.7,200.44,2016
38,Mark Ingram,NO,RB,16,0,0,0,1043,6,46,319,4,2,12.3,196.2,2016
39,Odell Beckham Jr,NYG,WR,16,0,0,0,9,0,101,1367,10,1,12.2,195.6,2016
40,Trevor Siemian,DEN,QB,14,3401,18,10,57,0,0,0,0,2,13.7,191.74,2016
41,Ryan Tannehill,MIA,QB,13,2995,19,12,164,1,0,0,0,3,14.6,190.2,2016
42,Jay Ajayi,MIA,RB,15,0,0,0,1272,8,27,151,0,1,12.6,188.3,2016
43,T.Y. Hilton,IND,WR,16,0,0,0,0,0,91,1448,6,0,11.4,182.8,2016
44,Julio Jones,ATL,WR,14,0,0,0,0,0,83,1409,6,0,12.6,176.9,2016
45,Frank Gore,IND,RB,16,0,0,0,1026,4,38,277,4,1,11.0,176.3,2016
46,Latavius Murray,OAK,RB,14,0,0,0,788,12,33,264,0,1,12.5,175.2,2016
47,Davante Adams,GB,WR,16,0,0,0,0,0,75,997,12,1,10.7,171.7,2016
48,Brock Osweiler,HOU,QB,15,2957,15,16,131,2,1,-6,0,1,11.3,168.78,2016
49,Brandin Cooks,NO,WR,16,0,0,0,30,0,78,1173,8,0,10.5,168.3,2016
50,Isaiah Crowell,CLE,RB,16,0,0,0,952,7,40,319,0,2,10.3,165.1,2016
50,Carlos Hyde,SF,RB,13,0,0,0,988,6,27,163,3,3,12.7,165.1,2016
52,Michael Thomas,NO,WR,15,0,0,0,0,0,92,1137,9,2,10.9,163.7,2016
53,Spencer Ware,KC,RB,14,0,0,0,922,3,33,447,2,3,11.5,160.9,2016
54,Lamar Miller,HOU,RB,14,0,0,0,1073,5,31,188,1,1,11.4,160.1,2016
54,Tevin Coleman,ATL,RB,13,0,0,0,520,8,31,421,3,0,12.3,160.1,2016
56,Doug Baldwin,SEA,WR,16,15,1,0,2,0,94,1128,7,0,10.0,159.6,2016
57,Jeremy Hill,CIN,RB,15,0,0,0,839,9,21,174,0,0,10.4,155.3,2016
58,Todd Gurley,LAR,RB,16,0,0,0,885,6,43,327,0,1,9.7,155.2,2016
59,Matt Forte,NYJ,RB,14,0,0,0,813,7,30,263,1,1,11.0,153.6,2016
60,Michael Crabtree,OAK,WR,16,0,0,0,0,0,89,1003,8,0,9.4,150.3,2016
61,Amari Cooper,OAK,WR,16,0,0,0,0,0,82,1149,5,0,9.3,148.9,2016
62,Tyrell Williams,LAC,WR,16,0,0,0,0,0,69,1059,7,0,9.2,147.9,2016
63,Rishard Matthews,TEN,WR,16,0,0,0,0,0,65,945,9,1,9.2,146.5,2016
64,Bilal Powell,NYJ,RB,16,0,0,0,722,3,58,388,2,1,8.7,139.0,2016
65,Jonathan Stewart,CAR,RB,13,0,0,0,824,9,8,60,0,2,10.6,138.4,2016
66,Travis Kelce,KC,TE,16,0,0,0,-5,0,85,1125,4,0,8.6,138.0,2016
66,Tyreek Hill,KC,WR,16,0,0,0,267,3,61,593,6,1,8.6,138.0,2016
68,Jarvis Landry,MIA,WR,16,0,0,0,17,0,94,1136,4,2,8.6,137.3,2016
69,Terrance West,BAL,RB,16,0,0,0,774,5,34,236,1,0,8.6,137.0,2016
70,Larry Fitzgerald,ARI,WR,16,0,0,0,5,0,107,1023,6,1,8.6,136.8,2016
71,Terrelle Pryor,CLE,WR,16,41,0,0,21,1,77,1007,4,0,8.5,136.44,2016
72,Demaryius Thomas,DEN,WR,16,0,0,0,0,0,90,1083,5,2,8.5,136.3,2016
73,Kelvin Benjamin,CAR,WR,16,0,0,0,0,0,63,941,7,1,8.4,134.1,2016
74,Emmanuel Sanders,DEN,WR,16,0,0,0,4,0,79,1032,5,0,8.4,133.6,2016
75,Ryan Fitzpatrick,NYJ,QB,14,2710,12,17,130,0,0,0,0,1,9.5,133.4,2016
76,Julian Edelman,NE,WR,16,0,0,0,57,0,98,1106,3,2,8.3,132.3,2016
77,Golden Tate,DET,WR,16,0,0,0,4,0,91,1077,4,1,8.3,132.1,2016
78,Ryan Mathews,PHI,RB,13,0,0,0,661,8,13,115,1,2,10.1,131.6,2016
79,Mike Wallace,BAL,WR,16,0,0,0,31,0,72,1017,4,0,8.2,130.8,2016
80,Dez Bryant,DAL,WR,13,10,1,0,0,0,50,796,8,1,10.0,130.0,2016
81,Kenny Britt,LAR,WR,15,0,0,0,0,0,68,1002,5,1,8.5,128.2,2016
82,Greg Olsen,CAR,TE,16,0,0,0,0,0,80,1073,3,0,8.0,127.3,2016
83,Kenny Stills,MIA,WR,16,0,0,0,0,0,42,726,9,0,7.9,126.6,2016
84,Allen Robinson,JAX,WR,16,0,0,0,0,0,73,883,6,0,7.9,126.3,2016
85,Adam Thielen,MIN,WR,16,0,0,0,15,0,69,967,5,1,7.9,126.2,2016
86,Kyle Rudolph,MIN,TE,16,0,0,0,0,0,83,840,7,0,7.9,126.0,2016
87,DeSean Jackson,WAS,WR,15,0,0,0,0,0,56,1005,4,0,8.3,124.5,2016
87,Jamison Crowder,WAS,WR,16,0,0,0,-2,0,67,847,7,1,7.8,124.5,2016
89,Jimmy Graham,SEA,TE,16,0,0,0,0,0,65,923,6,2,7.8,124.3,2016
90,Delanie Walker,TEN,TE,15,0,0,0,11,0,65,800,7,0,8.2,123.1,2016
91,Pierre Garcon,WAS,WR,16,0,0,0,0,0,79,1041,3,0,7.6,122.1,2016
92,Brandon LaFell,CIN,WR,16,0,0,0,-2,0,64,862,6,0,7.6,122.0,2016
93,Rob Kelley,WAS,RB,15,0,0,0,704,6,12,82,1,0,8.0,120.6,2016
94,AJ Green,CIN,WR,10,0,0,0,0,0,66,964,4,0,12.0,120.4,2016
95,Willie Snead,NO,WR,15,50,1,0,0,0,72,895,4,0,8.0,119.5,2016
96,DeAndre Hopkins,HOU,WR,16,0,0,0,0,0,78,954,4,0,7.5,119.4,2016
96,Sterling Shepard,NYG,WR,16,0,0,0,31,0,65,683,8,0,7.5,119.4,2016
98,Marvin Jones,DET,WR,15,0,0,0,3,0,55,930,4,0,7.8,117.3,2016
99,Mike Gillislee,BUF,RB,15,0,0,0,576,8,9,50,1,0,7.8,116.6,2016
100,Christine Michael,GB,RB,15,0,0,0,583,7,22,107,1,1,7.7,115.0,2016
101,Cole Beasley,DAL,WR,16,0,0,0,7,0,75,833,5,0,7.1,114.0,2016
101,Cameron Brate,TB,TE,15,0,0,0,0,0,57,660,8,0,7.6,114.0,2016
103,Steve Smith,BAL,WR,14,0,0,0,0,0,70,799,5,0,8.1,113.9,2016
104,Cameron Meredith,CHI,WR,14,2,1,0,6,0,66,888,4,2,8.1,113.48,2016
105,Martellus Bennett,NE,TE,16,0,0,0,10,0,55,701,7,0,7.1,113.1,2016
106,Quincy Enunwa,NYJ,WR,16,0,0,0,21,0,58,857,4,0,7.0,111.8,2016
107,Devontae Booker,DEN,RB,16,0,0,0,612,4,31,265,1,3,7.0,111.7,2016
108,Case Keenum,LAR,QB,10,2201,9,11,51,1,0,0,0,1,11.1,111.14,2016
109,Darren Sproles,PHI,RB,15,0,0,0,438,2,52,427,2,0,7.4,110.5,2016
110,Marqise Lee,JAX,WR,16,20,1,0,35,0,63,851,3,1,6.8,109.4,2016
111,Stefon Diggs,MIN,WR,13,0,0,0,10,0,84,903,3,0,8.4,109.3,2016
112,Theo Riddick,DET,RB,10,0,0,0,357,1,53,371,5,0,10.9,108.8,2016
113,Anquan Boldin,DET,WR,16,0,0,0,0,0,67,584,8,0,6.6,106.4,2016
114,Zach Ertz,PHI,TE,14,0,0,0,0,0,78,816,4,0,7.5,105.6,2016
115,Jerick McKinnon,MIN,RB,15,0,0,0,539,2,43,255,2,0,7.0,105.4,2016
116,JJ Nelson,ARI,WR,15,0,0,0,83,1,34,568,6,1,7.0,105.1,2016
117,Ted Ginn,CAR,WR,16,0,0,0,98,0,54,752,4,2,6.6,105.0,2016
117,Taylor Gabriel,ATL,WR,13,0,0,0,51,1,35,579,6,0,8.1,105.0,2016
117,Dontrelle Inman,LAC,WR,16,0,0,0,0,0,58,810,4,0,6.6,105.0,2016
120,Tim Hightower,NO,RB,16,0,0,0,548,4,22,200,1,0,6.6,104.8,2016
121,Rashad Jennings,NYG,RB,13,0,0,0,593,3,35,201,1,0,8.0,103.4,2016
122,Jordan Reed,WAS,TE,12,0,0,0,0,0,66,686,6,1,8.6,102.6,2016
123,James White,NE,RB,16,0,0,0,166,0,60,551,5,0,6.4,101.7,2016
124,Matt Asiata,MIN,RB,16,0,0,0,402,6,32,263,0,1,6.3,100.5,2016
125,Chris Thompson,WAS,RB,16,0,0,0,356,3,49,349,2,1,6.2,98.5,2016
125,Jordan Matthews,PHI,WR,14,0,0,0,1,0,73,804,3,0,7.0,98.5,2016
127,Devante Parker,MIA,WR,15,0,0,0,0,0,56,744,4,0,6.6,98.4,2016
128,Brandon Marshall,NYJ,WR,15,0,0,0,0,0,59,788,3,0,6.5,96.8,2016
129,Ty Montgomery,GB,RB,15,0,0,0,457,3,44,348,0,1,6.4,96.5,2016
130,Antonio Gates,LAC,TE,14,0,0,0,0,0,53,548,7,1,6.8,94.8,2016
131,Alshon Jeffery,CHI,WR,12,0,0,0,0,0,52,821,2,0,7.8,94.1,2016
132,Hunter Henry,LAC,TE,15,0,0,0,0,0,36,478,8,1,6.3,93.8,2016
133,Derrick Henry,TEN,RB,15,0,0,0,490,5,13,137,0,0,6.2,92.7,2016
134,Nick Bellore,SF,RB,14,0,0,0,0,0,0,0,0,0,6.5,91.55,2016
135,Duke Johnson,CLE,RB,16,0,0,0,358,1,53,514,0,1,5.7,91.2,2016
136,Chris Hogan,NE,WR,15,0,0,0,9,0,38,680,4,1,6.1,90.9,2016
137,Mohamed Sanu,ATL,WR,15,0,0,0,5,0,59,653,4,1,6.0,89.8,2016
138,Tavon Austin,LAR,WR,15,0,0,0,159,1,58,509,3,1,5.9,88.8,2016
139,Randall Cobb,GB,WR,13,0,0,0,33,0,60,610,4,0,6.8,88.3,2016
140,TJ Yeldon,JAX,RB,15,0,0,0,465,1,50,312,1,1,5.8,87.7,2016
141,Coby Fleener,NO,TE,16,0,0,0,2,1,50,631,3,0,5.5,87.3,2016
142,Jalen Richard,OAK,RB,16,0,0,0,492,1,29,194,2,0,5.4,86.6,2016
143,CJ Anderson,DEN,RB,7,0,0,0,437,4,16,128,1,0,12.4,86.5,2016
144,Jack Doyle,IND,TE,16,0,0,0,0,0,59,584,5,1,5.4,86.4,2016
145,Travis Benjamin,LAC,WR,14,0,0,0,-3,0,47,677,4,3,6.1,85.4,2016
146,Jason Witten,DAL,TE,16,0,0,0,0,0,69,673,3,1,5.2,83.3,2016
146,Giovani Bernard,CIN,RB,10,0,0,0,337,2,39,336,1,1,8.3,83.3,2016
148,Eric Ebron,DET,TE,13,0,0,0,1,1,61,711,1,0,6.4,83.2,2016
149,Tyler Lockett,SEA,WR,15,0,0,0,114,1,41,597,1,0,5.5,83.1,2016
150,Dennis Pitta,BAL,TE,16,0,0,0,0,0,86,729,2,1,5.2,82.9,2016
151,Jeremy Kerley,SF,WR,16,0,0,0,0,0,64,667,3,1,5.2,82.7,2016
152,Robert Turbin,IND,RB,15,0,0,0,164,7,26,179,1,0,5.5,82.3,2016
153,DeAngelo Williams,PIT,RB,9,0,0,0,343,4,18,118,2,0,9.1,82.1,2016
154,Terrance Williams,DAL,WR,16,0,0,0,0,0,44,594,4,1,5.1,81.4,2016
155,Shaun Draughn,SF,RB,16,0,0,0,196,4,29,263,2,1,5.0,79.9,2016
155,CJ Fiedorowicz,HOU,TE,15,0,0,0,0,0,54,559,4,0,5.3,79.9,2016
157,Brian Hoyer,CHI,QB,6,1445,6,0,-2,0,0,0,0,1,13.3,79.6,2016
158,Charles Clay,BUF,TE,15,0,0,0,0,0,57,552,4,0,5.3,79.2,2016
159,Michael Floyd,NE,WR,15,0,0,0,0,0,37,488,5,0,5.3,78.8,2016
160,Dwayne Allen,IND,TE,14,0,0,0,0,0,35,406,6,0,5.6,78.6,2016
161,Adam Humphries,TB,WR,15,0,0,0,18,0,55,622,2,0,5.2,78.0,2016
161,Eli Rogers,PIT,WR,13,0,0,0,6,0,48,594,3,0,6.0,78.0,2016
163,Jacquizz Rodgers,TB,RB,10,0,0,0,560,2,13,98,0,0,7.8,77.8,2016
164,Cody Kessler,CLE,QB,9,1380,6,2,18,0,0,0,0,1,8.6,77.0,2016
165,Gary Barnidge,CLE,TE,16,0,0,0,0,0,55,612,2,0,4.7,75.2,2016
165,Will Fuller,HOU,WR,14,0,0,0,-3,0,47,635,2,0,5.4,75.2,2016
167,Zach Zenner,DET,RB,14,0,0,0,334,4,18,196,0,1,5.4,75.0,2016
168,Chris Ivory,JAX,RB,11,0,0,0,439,3,20,186,0,3,6.8,74.5,2016
169,Brian Quick,LAR,WR,16,0,0,0,0,0,41,564,3,0,4.6,74.4,2016
170,Seth Roberts,OAK,WR,16,0,0,0,0,0,38,397,5,0,4.6,73.7,2016
171,Robby Anderson,NYJ,WR,16,0,0,0,42,0,42,587,2,1,4.6,72.9,2016
172,Blaine Gabbert,SF,QB,6,925,5,6,173,2,1,-16,0,0,12.1,72.7,2016
173,Zach Miller,CHI,TE,10,0,0,0,0,0,47,486,4,0,7.3,72.6,2016
173,Donte Moncrief,IND,WR,9,0,0,0,-1,0,30,307,7,0,8.1,72.6,2016
175,Kenneth Dixon,BAL,RB,12,0,0,0,382,2,30,162,1,0,6.0,72.4,2016
176,Rob Gronkowski,NE,TE,8,0,0,0,0,0,25,540,3,0,9.0,72.0,2016
177,Doug Martin,TB,RB,8,0,0,0,421,3,14,134,0,1,8.9,71.5,2016
178,Matt Barkley,CHI,QB,7,1611,8,14,2,0,1,2,1,2,10.1,70.84,2016
179,Damien Williams,MIA,RB,15,0,0,0,115,3,23,249,3,1,4.7,70.4,2016
180,Vernon Davis,WAS,TE,16,0,0,0,0,0,44,583,2,0,4.4,70.3,2016
181,Tyler Boyd,CIN,WR,16,0,0,0,58,0,54,603,1,1,4.4,70.1,2016
182,Tyler Eifert,CIN,TE,8,0,0,0,0,0,29,394,5,0,8.7,69.4,2016
183,Deandre Washington,OAK,RB,14,0,0,0,467,2,17,115,0,1,4.9,68.2,2016
184,Breshad Perriman,BAL,WR,16,0,0,0,2,0,33,499,3,0,4.3,68.1,2016
185,Robert Woods,BUF,WR,13,0,0,0,6,0,51,613,1,0,5.2,67.9,2016
186,Matt Jones,WAS,RB,7,0,0,0,460,3,8,73,0,2,9.6,67.3,2016
187,Robert Griffin III,CLE,QB,5,886,2,3,190,2,0,0,0,1,13.3,66.44,2016
188,Charcandrick West,KC,RB,15,0,0,0,293,1,28,188,2,0,4.4,66.1,2016
189,Phillip Dorsett,IND,WR,15,0,0,0,10,0,33,528,2,0,4.4,65.8,2016
190,Allen Hurns,JAX,WR,11,0,0,0,0,0,35,477,3,0,6.0,65.7,2016
191,Jeremy Maclin,KC,WR,12,0,0,0,-1,0,44,536,2,0,5.5,65.5,2016
192,John Brown,ARI,WR,15,0,0,0,10,0,39,517,2,0,4.3,64.7,2016
193,Tajae Sharpe,TEN,WR,16,0,0,0,1,0,41,522,2,0,4.0,64.3,2016
194,Malcolm Mitchell,NE,WR,14,0,0,0,0,0,32,401,4,0,4.6,64.1,2016
195,Vance McDonald,SF,TE,11,0,0,0,0,0,24,391,4,0,5.7,63.1,2016
195,Devin Funchess,CAR,WR,15,0,0,0,0,0,23,371,4,0,4.2,63.1,2016
197,Victor Cruz,NYG,WR,15,0,0,0,0,0,39,586,1,1,4.2,62.6,2016
198,Thomas Rawls,SEA,RB,9,0,0,0,349,3,13,96,0,0,6.9,62.5,2016
199,Paul Perkins,NYG,RB,14,0,0,0,456,0,15,162,0,0,4.4,61.8,2016
200,Cordarrelle Patterson,MIN,WR,16,0,0,0,43,0,52,453,2,0,3.8,61.6,2016
201,Kendall Wright,TEN,WR,11,0,0,0,15,0,29,416,3,0,5.6,61.1,2016
201,Marquise Goodwin,BUF,WR,15,0,0,0,0,0,29,431,3,0,4.1,61.1,2016
203,Corey Coleman,CLE,WR,10,0,0,0,10,0,33,413,3,0,6.0,60.3,2016
204,Lance Kendricks,LAR,TE,16,0,0,0,0,0,50,499,2,1,3.7,59.9,2016
205,Rex Burkhead,CIN,RB,16,0,0,0,344,2,17,145,0,1,3.7,58.9,2016
206,Jermaine Kearse,SEA,WR,16,0,0,0,0,0,41,511,1,0,3.6,57.1,2016
207,Sammie Coates,PIT,WR,14,0,0,0,14,0,21,435,2,0,4.1,56.9,2016
208,Sammy Watkins,BUF,WR,8,0,0,0,0,0,28,430,2,0,6.9,55.0,2016
209,Matt Moore,MIA,QB,4,721,8,3,-1,0,0,0,0,0,13.7,54.74,2016
210,Ryan Griffin,HOU,TE,16,0,0,0,0,0,50,442,2,1,3.4,54.2,2016
210,Jeremy Langford,CHI,RB,12,0,0,0,200,4,19,142,0,2,4.5,54.2,2016
212,Travaris Cadet,NO,RB,15,0,0,0,19,0,40,281,4,0,3.6,54.0,2016
213,Clive Walford,OAK,TE,15,0,0,0,0,0,33,359,3,0,3.6,53.9,2016
214,Jared Goff,LAR,QB,7,1089,5,7,16,1,0,0,0,2,7.6,53.16,2016
215,Chris Conley,KC,WR,16,0,0,0,0,0,44,530,0,0,3.3,53.0,2016
216,Josh McCown,CLE,QB,5,1100,6,6,21,0,0,0,0,4,10.4,52.1,2016
216,Julius Thomas,JAX,TE,9,0,0,0,0,0,30,281,4,0,5.8,52.1,2016
218,Nelson Agholor,PHI,WR,15,0,0,0,14,0,36,365,2,0,3.5,51.9,2016
219,Jesse James,PIT,TE,16,0,0,0,0,0,39,338,3,0,3.2,51.8,2016
220,Dorial Green-Beckham,PHI,WR,15,0,0,0,0,0,36,392,2,0,3.4,51.2,2016
221,Jermaine Gresham,ARI,TE,16,0,0,0,0,0,37,391,2,0,3.2,51.1,2016
222,Garrett Celek,SF,TE,16,0,0,0,0,0,29,350,3,1,3.2,51.0,2016
223,Albert Wilson,KC,WR,16,0,0,0,50,1,31,279,2,0,3.2,50.9,2016
224,Andrew Hawkins,CLE,WR,16,0,0,0,0,0,33,324,3,0,3.2,50.4,2016
225,Alfred Blue,HOU,RB,14,0,0,0,420,1,12,40,0,1,3.6,50.0,2016
226,Dion Sims,MIA,TE,14,0,0,0,0,0,26,256,4,0,3.5,49.6,2016
227,Eddie Royal,CHI,WR,9,0,0,0,0,0,33,369,2,0,5.4,48.9,2016
228,Fozzy Whittaker,CAR,RB,16,0,0,0,265,0,25,226,0,1,2.9,47.1,2016
229,Russell Shepard,TB,WR,14,0,0,0,9,0,23,341,2,0,3.4,47.0,2016
230,Jay Cutler,CHI,QB,5,1059,4,5,24,0,0,0,0,2,9.4,46.76,2016
231,Danny Amendola,NE,WR,12,0,0,0,0,0,23,243,4,1,3.9,46.3,2016
232,Brandon Coleman,NO,WR,16,0,0,0,0,0,26,281,3,0,2.9,46.1,2016
233,Will Tye,NYG,TE,16,0,0,0,0,0,48,395,1,0,2.8,45.5,2016
234,Jamize Olawale,OAK,FB,16,0,0,0,47,2,12,227,1,0,2.8,45.4,2016
235,Austin Hooper,ATL,TE,14,0,0,0,0,0,19,271,3,0,3.2,45.1,2016
236,Torrey Smith,SF,WR,12,0,0,0,0,0,20,267,3,0,3.7,44.7,2016
237,Aldrick Robinson,ATL,WR,16,0,0,0,0,0,20,323,2,0,2.8,44.3,2016
237,Justin Hardy,ATL,WR,16,0,0,0,0,0,21,203,4,0,2.8,44.3,2016
239,CJ Prosise,SEA,RB,6,0,0,0,172,1,17,208,0,0,7.3,44.0,2016
240,Charles Sims,TB,RB,7,0,0,0,149,1,24,190,1,1,6.3,43.9,2016
241,Justin Hunter,BUF,WR,13,0,0,0,0,0,10,189,4,0,3.3,42.9,2016
242,Jared Cook,GB,TE,10,0,0,0,0,0,30,377,1,1,4.2,41.7,2016
243,Justin Forsett,DEN,RB,9,0,0,0,291,1,20,85,0,1,4.6,41.6,2016
244,Quinton Patton,SF,WR,14,0,0,0,0,0,37,408,0,0,2.9,40.8,2016
245,John Kuhn,NO,FB,16,0,0,0,37,4,16,70,1,0,2.5,40.7,2016
245,Wendell Smallwood,PHI,RB,13,0,0,0,312,1,6,55,0,1,3.1,40.7,2016
247,James Starks,GB,RB,9,0,0,0,145,0,19,134,2,0,4.4,39.9,2016
247,Brice Butler,DAL,WR,16,0,0,0,0,0,16,219,3,0,2.5,39.9,2016
249,Richard Rodgers,GB,TE,16,0,0,0,0,0,30,271,2,0,2.4,39.1,2016
250,Jacob Tamme,ATL,TE,8,0,0,0,0,0,22,210,3,0,4.9,39.0,2016
251,Kamar Aiken,BAL,WR,16,0,0,0,0,0,29,328,1,0,2.4,38.8,2016
251,Eddie Lacy,GB,RB,5,0,0,0,360,0,4,28,0,0,7.8,38.8,2016
253,Trey Burton,PHI,TE,15,0,0,0,0,0,37,327,1,0,2.6,38.7,2016
253,Dwayne Washington,DET,RB,12,0,0,0,265,1,10,62,0,0,3.2,38.7,2016
255,Levine Toilolo,ATL,TE,16,0,0,0,0,0,13,264,2,0,2.4,38.4,2016
256,Josh Bellamy,CHI,WR,16,0,0,0,37,0,19,282,1,0,2.4,37.9,2016
257,Dion Lewis,NE,RB,7,0,0,0,283,0,17,94,0,0,5.4,37.7,2016
258,Aaron Ripkowski,GB,FB,16,0,0,0,150,2,9,46,1,0,2.4,37.6,2016
259,Alfred Morris,DAL,RB,14,0,0,0,243,2,3,11,0,0,2.7,37.4,2016
260,Kyle Juszczyk,BAL,FB,16,0,0,0,22,1,37,266,0,0,2.3,36.8,2016
261,Ladarius Green,PIT,TE,6,0,0,0,0,0,18,304,1,0,6.1,36.4,2016
262,Erik Swoope,IND,TE,16,0,0,0,0,0,15,297,1,0,2.2,35.7,2016
263,Darrius Heyward-Bey,PIT,WR,10,0,0,0,60,1,6,114,2,0,3.5,35.4,2016
263,Cobi Hamilton,PIT,WR,11,0,0,0,0,0,17,234,2,0,3.2,35.4,2016
265,Paul Richardson,SEA,WR,15,0,0,0,5,0,21,288,1,0,2.4,35.3,2016
266,Jimmy Garoppolo,NE,QB,6,502,4,0,6,0,1,3,0,1,5.8,34.98,2016
267,Deonte Thompson,CHI,WR,16,0,0,0,0,0,22,249,2,1,2.2,34.9,2016
268,Kenyan Drake,MIA,RB,16,0,0,0,179,2,9,46,0,0,2.2,34.5,2016
269,Landry Jones,PIT,QB,8,558,4,2,-4,0,0,0,0,0,4.2,33.92,2016
270,Bryan Walters,JAX,WR,10,0,0,0,4,0,24,231,2,1,3.4,33.5,2016
271,Bryce Petty,NYJ,QB,6,809,3,7,19,0,0,0,0,1,5.4,32.26,2016
272,Corey Brown,CAR,WR,16,0,0,0,6,0,27,276,1,1,2.0,32.2,2016
272,Geronimo Allison,GB,WR,10,0,0,0,0,0,12,202,2,0,3.2,32.2,2016
274,Corey Grant,JAX,RB,11,0,0,0,164,1,4,35,1,0,2.9,31.9,2016
275,Eric Decker,NYJ,WR,3,0,0,0,0,0,9,194,2,0,10.5,31.4,2016
276,Rod Streater,SF,WR,16,0,0,0,0,0,18,191,2,0,1.9,31.1,2016
276,Peyton Barber,TB,RB,15,0,0,0,223,1,5,28,0,0,2.1,31.1,2016
278,Jordan Taylor,DEN,WR,16,0,0,0,0,0,16,209,2,1,1.9,30.9,2016
279,Andre Holmes,OAK,WR,16,0,0,0,0,0,14,126,3,0,1.9,30.6,2016
280,Virgil Green,DEN,TE,12,0,0,0,0,0,22,237,1,0,2.5,29.7,2016
281,CJ Uzomah,CIN,TE,10,0,0,0,0,0,25,234,1,0,2.9,29.4,2016
282,Kenjon Barner,PHI,RB,13,0,0,0,129,2,5,42,0,0,2.2,29.1,2016
283,Paxton Lynch,DEN,QB,3,497,2,1,25,0,0,0,0,0,9.5,28.38,2016
284,Kerwynn Williams,ARI,RB,10,0,0,0,157,2,1,6,0,0,2.8,28.3,2016
284,Jacoby Brissett,NE,QB,3,400,0,0,83,1,0,0,0,1,9.4,28.3,2016
286,Nick Foles,KC,QB,3,410,3,0,-4,0,0,0,0,0,9.3,28.0,2016
287,Tanner McEvoy,SEA,WR,14,43,0,0,0,0,9,140,2,0,2.0,27.72,2016
288,Cameron Artis-Payne,CAR,RB,3,0,0,0,144,2,1,11,0,0,9.2,27.5,2016
289,DuJuan Harris,SF,RB,9,0,0,0,138,0,8,115,1,2,3.0,27.3,2016
289,Chester Rogers,IND,WR,14,0,0,0,0,0,19,273,0,0,2.0,27.3,2016
291,Shane Vereen,NYG,RB,5,0,0,0,158,1,11,94,0,2,5.4,27.2,2016
292,Bennie Fowler,DEN,WR,13,0,0,0,0,0,11,145,2,0,2.0,26.5,2016
293,Mychal Rivera,OAK,TE,13,0,0,0,0,0,18,192,1,0,1.9,25.2,2016
294,Jeff Janis,GB,WR,16,0,0,0,38,1,11,93,1,0,1.6,25.1,2016
295,Luke Willson,SEA,TE,11,0,0,0,0,0,15,129,2,0,2.3,24.9,2016
295,Alex Collins,SEA,RB,11,0,0,0,125,1,11,84,0,1,2.3,24.9,2016
297,Jaron Brown,ARI,WR,7,0,0,0,0,0,11,187,1,0,3.5,24.7,2016
297,Seth DeValve,CLE,TE,12,0,0,0,0,0,10,127,2,0,2.1,24.7,2016
299,Mike Tolbert,CAR,FB,16,0,0,0,114,0,10,72,1,0,1.5,24.6,2016
299,Charone Peake,NYJ,WR,15,0,0,0,0,1,19,186,0,0,1.6,24.6,2016
1,Cam Newton,CAR,QB,16,3837,35,10,636,10,0,0,0,4,24.3,389.08,2015
2,Tom Brady,NE,QB,16,4770,36,7,53,3,1,36,0,2,21.5,343.7,2015
3,Russell Wilson,SEA,QB,16,4024,34,8,553,1,0,0,0,3,21.0,336.26,2015
4,Blake Bortles,JAX,QB,16,4428,35,18,310,2,0,0,0,5,19.8,316.12,2015
5,Carson Palmer,ARI,QB,16,4671,35,11,24,1,0,0,0,2,19.3,309.24,2015
6,Drew Brees,NO,QB,15,4870,32,11,14,1,0,0,0,2,20.3,304.2,2015
7,Aaron Rodgers,GB,QB,16,3821,31,8,344,1,0,0,0,4,18.8,301.24,2015
8,Kirk Cousins,WAS,QB,16,4166,29,11,48,5,0,0,0,3,18.3,293.44,2015
9,Matthew Stafford,DET,QB,16,4262,32,13,159,1,1,-6,0,2,18.1,289.78,2015
10,Eli Manning,NYG,QB,16,4432,35,14,70,0,0,0,0,4,18.0,288.28,2015
11,Ryan Fitzpatrick,NYJ,QB,16,3905,31,15,270,2,0,0,0,2,17.8,285.2,2015
12,Philip Rivers,LAC,QB,16,4792,29,13,28,0,0,0,0,2,17.8,284.48,2015
13,Jameis Winston,TB,QB,16,4042,22,15,213,6,0,0,0,2,17.2,274.98,2015
14,Derek Carr,OAK,QB,16,3987,32,13,138,0,0,0,0,3,17.0,271.28,2015
15,Alex Smith,KC,QB,16,3486,20,7,498,2,0,0,0,0,17.0,271.24,2015
16,Tyrod Taylor,BUF,QB,14,3035,20,6,568,4,1,4,0,1,19.3,270.6,2015
17,Ryan Tannehill,MIA,QB,16,4208,24,12,141,1,1,9,0,3,16.1,257.32,2015
18,Antonio Brown,PIT,WR,16,0,0,0,28,0,136,1834,10,2,15.4,246.2,2015
19,Julio Jones,ATL,WR,16,0,0,0,0,2,136,1871,8,1,15.3,245.1,2015
20,Andy Dalton,CIN,QB,13,3250,25,7,142,3,0,0,0,2,18.8,244.2,2015
21,Devonta Freeman,ATL,RB,15,0,0,0,1056,11,73,578,3,2,16.2,243.4,2015
22,Matt Ryan,ATL,QB,16,4591,21,16,63,0,0,0,0,5,14.6,233.94,2015
23,Adrian Peterson,MIN,RB,16,0,0,0,1485,11,30,222,0,3,14.4,230.7,2015
24,Brandon Marshall,NYJ,WR,16,0,0,0,0,0,109,1502,14,2,14.4,230.2,2015
25,Ben Roethlisberger,PIT,QB,12,3938,21,16,29,0,0,-3,0,0,19.0,228.12,2015
26,Jay Cutler,CHI,QB,15,3659,21,11,201,1,0,0,0,5,15.1,226.46,2015
27,Allen Robinson,JAX,WR,16,0,0,0,0,0,80,1400,14,0,14.0,224.0,2015
28,Odell Beckham Jr,NYG,WR,15,0,0,0,3,0,96,1450,13,0,14.9,223.3,2015
29,DeAndre Hopkins,HOU,WR,16,0,0,0,0,0,111,1521,11,0,13.8,220.1,2015
30,Marcus Mariota,TEN,QB,12,2818,19,10,252,2,1,41,1,6,17.5,210.02,2015
31,Teddy Bridgewater,MIN,QB,16,3231,14,9,192,3,0,0,0,3,12.5,200.44,2015
32,Doug Martin,TB,RB,16,0,0,0,1402,6,33,271,1,5,12.5,199.3,2015
33,Sam Bradford,PHI,QB,14,3725,19,14,39,0,0,0,0,3,13.9,194.9,2015
34,DeAngelo Williams,PIT,RB,16,0,0,0,907,11,40,367,0,2,12.0,191.4,2015
35,Doug Baldwin,SEA,WR,16,0,0,0,0,0,78,1069,14,0,11.9,190.9,2015
36,AJ Green,CIN,WR,16,0,0,0,0,0,86,1297,10,1,11.7,187.7,2015
37,Todd Gurley,LAR,RB,13,0,0,0,1106,10,21,188,0,1,14.4,187.4,2015
38,Lamar Miller,MIA,RB,16,0,0,0,872,8,47,397,2,1,11.6,184.9,2015
39,Rob Gronkowski,NE,TE,15,0,0,0,0,0,72,1176,11,0,12.2,183.6,2015
40,David Johnson,ARI,RB,16,0,0,0,581,8,36,457,4,1,10.9,173.8,2015
41,Calvin Johnson,DET,WR,16,0,0,0,0,0,88,1214,9,1,10.8,173.4,2015
42,Eric Decker,NYJ,WR,15,0,0,0,0,0,80,1027,12,1,11.5,172.7,2015
42,Chris Ivory,NYJ,RB,15,0,0,0,1070,7,30,217,1,2,11.5,172.7,2015
44,Larry Fitzgerald,ARI,WR,16,0,0,0,0,0,109,1215,9,2,10.7,171.5,2015
45,Matt Forte,CHI,RB,13,0,0,0,898,4,44,389,3,1,13.1,170.7,2015
46,Brandin Cooks,NO,WR,16,0,0,0,18,0,84,1138,9,0,10.6,169.6,2015
47,Brian Hoyer,HOU,QB,11,2606,19,7,44,0,0,0,0,2,15.1,166.64,2015
48,Latavius Murray,OAK,RB,16,0,0,0,1066,6,41,232,0,1,10.2,163.8,2015
49,Danny Woodhead,LAC,RB,16,0,0,0,336,3,80,755,6,0,10.2,163.1,2015
50,Demaryius Thomas,DEN,WR,16,0,0,0,0,0,105,1304,6,2,10.2,162.4,2015
51,Joe Flacco,BAL,QB,10,2791,14,12,23,3,0,0,0,2,16.2,161.94,2015
52,Allen Hurns,JAX,WR,15,0,0,0,0,0,64,1031,10,1,10.7,161.1,2015
53,Frank Gore,IND,RB,16,0,0,0,967,6,34,267,1,3,10.0,159.4,2015
54,Jarvis Landry,MIA,WR,16,9,0,0,113,1,110,1157,4,0,10.0,159.36,2015
55,Sammy Watkins,BUF,WR,13,0,0,0,1,0,60,1047,9,0,12.2,158.8,2015
56,Gary Barnidge,CLE,TE,16,0,0,0,0,0,79,1043,9,0,9.9,158.3,2015
57,Jordan Reed,WAS,TE,14,0,0,0,0,0,87,952,11,2,11.2,157.2,2015
58,Jeremy Maclin,KC,WR,15,0,0,0,14,0,87,1088,8,1,10.4,156.2,2015
59,Darren McFadden,DAL,RB,16,0,0,0,1089,3,40,328,0,3,9.7,155.7,2015
60,Jeremy Hill,CIN,RB,16,0,0,0,794,11,15,79,1,3,9.7,155.3,2015
61,Mark Ingram,NO,RB,12,0,0,0,769,6,50,405,0,1,12.8,153.4,2015
62,Greg Olsen,CAR,TE,16,0,0,0,0,0,77,1104,7,1,9.4,150.4,2015
62,Delanie Walker,TEN,TE,15,0,0,0,36,0,94,1088,6,0,10.0,150.4,2015
64,Emmanuel Sanders,DEN,WR,15,0,0,0,29,0,76,1135,6,2,9.9,148.4,2015
65,Jonathan Stewart,CAR,RB,13,0,0,0,989,6,16,99,1,2,11.3,146.8,2015
66,LeSean McCoy,BUF,RB,12,0,0,0,895,3,32,292,2,2,12.2,146.7,2015
67,Michael Crabtree,OAK,WR,16,0,0,0,0,0,85,922,9,0,9.1,146.2,2015
68,Jordan Matthews,PHI,WR,16,0,0,0,0,0,85,997,8,1,9.1,145.7,2015
69,John Brown,ARI,WR,15,0,0,0,22,0,65,1003,7,1,9.5,142.5,2015
70,T.Y. Hilton,IND,WR,16,0,0,0,0,0,69,1124,5,0,8.9,142.4,2015
71,James Jones,GB,WR,16,0,0,0,0,0,50,890,8,0,8.8,141.0,2015
72,Tavon Austin,LAR,WR,16,0,0,0,434,4,52,473,5,2,8.8,140.7,2015
72,Amari Cooper,OAK,WR,16,0,0,0,-3,0,72,1070,6,1,8.8,140.7,2015
74,DeMarco Murray,PHI,RB,15,0,0,0,702,6,44,322,1,2,9.4,140.4,2015
75,Ted Ginn,CAR,WR,15,0,0,0,60,0,44,739,10,0,9.3,139.9,2015
76,Tyler Eifert,CIN,TE,13,0,0,0,0,0,52,615,13,0,10.7,139.5,2015
77,Ronnie Hillman,DEN,RB,16,0,0,0,863,7,24,111,0,1,8.6,137.4,2015
78,Mike Evans,TB,WR,15,0,0,0,0,0,74,1206,3,1,9.1,136.6,2015
79,Rashad Jennings,NYG,RB,16,0,0,0,863,3,29,296,1,2,8.5,135.9,2015
80,Giovani Bernard,CIN,RB,16,0,0,0,730,2,49,472,0,0,8.3,132.2,2015
81,Josh McCown,CLE,QB,8,2109,12,4,98,1,0,0,0,6,16.5,132.16,2015
82,Andrew Luck,IND,QB,7,1881,15,12,196,0,0,0,0,1,18.7,130.84,2015
83,Randall Cobb,GB,WR,16,0,0,0,50,1,79,829,6,0,8.1,129.9,2015
84,Blaine Gabbert,SF,QB,8,2031,10,7,185,1,0,0,0,1,16.2,129.74,2015
85,Charles Sims,TB,RB,16,0,0,0,529,0,51,561,4,2,8.1,129.0,2015
86,Rueben Randle,NYG,WR,16,0,0,0,0,0,57,797,8,0,8.0,127.7,2015
87,Jeremy Langford,CHI,RB,16,0,0,0,537,6,22,279,1,0,7.8,125.6,2015
88,Travis Benjamin,CLE,WR,16,0,0,0,12,0,68,966,5,2,7.7,123.8,2015
89,James Starks,GB,RB,16,0,0,0,601,2,43,392,3,3,7.7,123.3,2015
90,Kamar Aiken,BAL,WR,16,0,0,0,0,0,75,944,5,1,7.6,122.4,2015
91,Michael Floyd,ARI,WR,15,0,0,0,0,0,52,849,6,0,8.1,120.9,2015
92,Eddie Lacy,GB,RB,15,0,0,0,758,3,20,188,2,2,8.0,120.6,2015
93,Martavis Bryant,PIT,WR,11,0,0,0,37,1,50,765,6,1,10.9,120.2,2015
94,TJ Yeldon,JAX,RB,12,0,0,0,740,2,36,279,1,0,10.0,119.9,2015
95,Golden Tate,DET,WR,16,0,0,0,41,0,90,813,6,1,7.5,119.4,2015
96,Isaiah Crowell,CLE,RB,16,0,0,0,706,4,19,182,1,0,7.4,118.8,2015
97,Thomas Rawls,SEA,RB,13,0,0,0,830,4,9,76,1,1,9.1,118.6,2015
98,Travis Kelce,KC,TE,16,0,0,0,0,0,72,875,5,2,7.3,117.5,2015
99,Brock Osweiler,DEN,QB,8,1967,10,6,61,1,0,0,0,1,14.6,116.78,2015
100,LeGarrette Blount,NE,RB,12,0,0,0,703,6,6,43,1,0,9.7,116.6,2015
101,Benjamin Watson,NO,TE,16,0,0,0,0,0,74,825,6,1,7.3,116.5,2015
102,CJ Anderson,DEN,RB,15,0,0,0,720,5,25,183,0,2,7.8,116.3,2015
103,Willie Snead,NO,WR,15,0,0,0,0,0,69,984,3,1,7.6,114.4,2015
104,Pierre Garcon,WAS,WR,16,0,0,0,0,0,72,777,6,0,7.1,113.7,2015
105,Karlos Williams,BUF,RB,11,0,0,0,517,7,11,96,2,1,10.3,113.3,2015
106,Charcandrick West,KC,RB,15,0,0,0,634,4,20,214,1,1,7.5,112.8,2015
107,Julian Edelman,NE,WR,9,0,0,0,23,0,61,692,7,1,12.4,111.5,2015
108,Colin Kaepernick,SF,QB,9,1615,6,5,256,1,0,0,0,1,12.2,110.2,2015
109,Donte Moncrief,IND,WR,16,0,0,0,0,0,64,733,6,0,6.8,109.3,2015
110,Marvin Jones,CIN,WR,16,0,0,0,33,0,65,816,4,0,6.8,108.9,2015
111,Markus Wheaton,PIT,WR,16,0,0,0,0,0,44,749,5,0,6.7,106.9,2015
112,Alshon Jeffery,CHI,WR,9,0,0,0,0,0,54,807,4,0,11.6,104.7,2015
113,Ryan Mathews,PHI,RB,13,0,0,0,539,6,20,146,1,3,8.0,104.5,2015
114,Duke Johnson,CLE,RB,16,0,0,0,379,0,61,534,2,0,6.5,103.3,2015
115,Tyler Lockett,SEA,WR,16,0,0,0,20,0,51,664,6,1,6.4,102.4,2015
116,Richard Rodgers,GB,TE,16,0,0,0,11,0,58,510,8,0,6.4,102.1,2015
117,Terrance Williams,DAL,WR,16,0,0,0,0,0,52,840,3,0,6.4,102.0,2015
118,Chris Johnson,ARI,RB,11,0,0,0,814,3,6,58,0,2,9.2,101.2,2015
119,Anquan Boldin,SF,WR,14,0,0,0,0,0,69,789,4,1,7.2,100.9,2015
120,Javorius Allen,BAL,RB,16,0,0,0,514,1,45,353,2,2,6.3,100.7,2015
121,Shane Vereen,NYG,RB,16,0,0,0,260,0,59,494,4,0,6.2,99.4,2015
122,Theo Riddick,DET,RB,16,0,0,0,133,0,80,697,3,1,6.2,99.0,2015
123,Jermaine Kearse,SEA,WR,16,0,0,0,0,0,49,685,5,0,6.2,98.5,2015
124,Stefon Diggs,MIN,WR,13,0,0,0,13,0,52,720,4,0,7.5,97.3,2015
125,Alfred Blue,HOU,RB,16,0,0,0,698,2,15,109,1,1,6.0,96.7,2015
126,Nick Foles,LAR,QB,11,2052,7,10,20,1,0,0,0,2,8.7,96.08,2015
127,Matt Jones,WAS,RB,13,0,0,0,490,3,19,304,1,4,7.3,95.4,2015
128,Zach Ertz,PHI,TE,15,0,0,0,0,0,75,853,2,1,6.4,95.3,2015
129,Johnny Manziel,CLE,QB,9,1500,7,5,230,0,0,0,0,3,10.6,95.0,2015
130,Darren Sproles,PHI,RB,16,0,0,0,317,3,55,388,1,0,5.9,94.5,2015
130,Keenan Allen,LAC,WR,8,0,0,0,0,0,67,725,4,1,11.8,94.5,2015
132,Antonio Gates,LAC,TE,11,0,0,0,0,0,56,630,5,0,8.5,93.0,2015
133,Torrey Smith,SF,WR,16,0,0,0,0,0,33,663,4,0,5.8,92.3,2015
134,Ameer Abdullah,DET,RB,16,0,0,0,597,2,25,183,1,2,5.8,92.0,2015
135,Justin Forsett,BAL,RB,10,0,0,0,641,2,31,153,0,0,9.1,91.4,2015
136,Peyton Manning,DEN,QB,10,2249,9,17,-6,0,0,0,0,0,9.1,91.36,2015
137,Matt Hasselbeck,IND,QB,8,1690,9,5,15,0,0,0,0,2,11.4,91.1,2015
138,Antonio Andrews,TEN,RB,14,41,1,0,520,3,21,174,0,1,6.5,91.04,2015
139,Rishard Matthews,MIA,WR,11,0,0,0,4,0,43,662,4,0,8.2,90.6,2015
140,Nate Washington,HOU,WR,14,0,0,0,0,0,47,658,4,0,6.4,89.8,2015
141,Bilal Powell,NYJ,RB,11,0,0,0,313,1,47,388,2,0,8.0,88.1,2015
142,Jason Witten,DAL,TE,16,0,0,0,0,0,77,713,3,1,5.5,87.3,2015
143,Le'Veon Bell,PIT,RB,6,0,0,0,556,3,24,136,0,0,14.5,87.2,2015
144,Alfred Morris,WAS,RB,16,0,0,0,751,1,10,55,0,0,5.4,86.6,2015
145,Kenny Britt,LAR,WR,16,0,0,0,0,0,36,681,3,0,5.4,86.1,2015
146,Steve Smith,BAL,WR,7,0,0,0,0,0,46,670,3,0,12.1,85.0,2015
147,Dion Lewis,NE,RB,7,0,0,0,234,2,36,388,2,1,12.0,84.2,2015
148,Joique Bell,DET,RB,13,0,0,0,311,4,22,286,0,0,6.4,83.7,2015
148,Eric Ebron,DET,TE,14,0,0,0,0,0,47,537,5,0,6.0,83.7,2015
150,Danny Amendola,NE,WR,14,36,0,0,11,0,65,648,3,1,6.0,83.34,2015
151,James White,NE,RB,14,0,0,0,56,2,40,410,4,0,5.9,82.6,2015
152,Dorial Green-Beckham,TEN,WR,16,0,0,0,0,0,32,549,4,0,5.1,80.9,2015
153,Jamaal Charles,KC,RB,5,0,0,0,364,4,21,177,1,2,16.0,80.1,2015
154,Seth Roberts,OAK,WR,16,0,0,0,0,0,32,480,5,0,5.0,80.0,2015
155,Cole Beasley,DAL,WR,16,0,0,0,0,0,52,536,5,2,5.0,79.6,2015
156,Kyle Rudolph,MIN,TE,16,0,0,0,0,0,49,495,5,0,5.0,79.5,2015
157,Spencer Ware,KC,RB,11,0,0,0,403,6,6,5,0,0,7.0,76.8,2015
158,Marques Colston,NO,WR,13,0,0,0,0,0,45,520,4,0,5.8,76.0,2015
159,Julius Thomas,JAX,TE,12,0,0,0,0,0,46,455,5,0,6.3,75.5,2015
160,Melvin Gordon,LAC,RB,14,0,0,0,641,0,33,192,0,4,5.4,75.3,2015
160,Devin Funchess,CAR,WR,16,0,0,0,0,0,31,473,5,1,4.7,75.3,2015
162,DeSean Jackson,WAS,WR,10,0,0,0,0,0,30,528,4,1,7.5,74.8,2015
163,Jamison Crowder,WAS,WR,16,0,0,0,2,0,59,604,2,1,4.7,74.6,2015
164,Tim Hightower,NO,RB,8,0,0,0,375,4,12,129,0,0,9.3,74.4,2015
165,Andre Johnson,IND,WR,16,0,0,0,0,0,41,503,4,0,4.6,74.3,2015
165,Vincent Jackson,TB,WR,10,0,0,0,0,0,33,543,3,0,7.4,74.3,2015
167,Zach Miller,CHI,TE,15,0,0,0,0,0,34,439,5,0,4.9,73.9,2015
168,Jimmy Graham,SEA,TE,11,0,0,0,0,0,48,605,2,0,6.6,72.5,2015
168,Corey Brown,CAR,WR,15,0,0,0,38,0,31,447,4,0,4.8,72.5,2015
170,Malcom Floyd,LAC,WR,15,0,0,0,0,0,30,561,3,1,4.8,72.1,2015
171,Jacob Tamme,ATL,TE,15,0,0,0,0,0,59,657,1,0,4.8,71.7,2015
172,Robert Woods,BUF,WR,14,0,0,0,0,0,47,552,3,1,5.1,71.2,2015
173,Ryan Mallett,BAL,QB,8,1336,5,6,15,1,0,0,0,0,8.9,70.94,2015
174,Ladarius Green,LAC,TE,13,0,0,0,0,0,37,429,4,0,5.5,70.9,2015
174,Devante Parker,MIA,WR,15,0,0,0,0,0,27,529,3,0,4.7,70.9,2015
176,Charles Clay,BUF,TE,13,0,0,0,0,0,51,528,3,0,5.4,70.8,2015
177,Carlos Hyde,SF,RB,7,0,0,0,470,3,11,53,0,0,10.0,70.3,2015
178,Owen Daniels,DEN,TE,16,0,0,0,0,0,46,517,3,0,4.4,69.7,2015
178,Marshawn Lynch,SEA,RB,7,0,0,0,417,3,13,80,0,0,10.0,69.7,2015
180,Coby Fleener,IND,TE,16,0,0,0,0,0,54,491,3,0,4.3,69.1,2015
181,Jerricho Cotchery,CAR,WR,14,0,0,0,16,0,39,485,3,0,4.9,68.1,2015
182,Cecil Shorts,HOU,WR,11,21,1,0,47,0,42,484,2,1,6.2,67.94,2015
183,Steve Johnson,LAC,WR,10,0,0,0,0,0,45,497,3,0,6.8,67.7,2015
183,Heath Miller,PIT,TE,15,0,0,0,2,0,60,535,2,0,4.5,67.7,2015
185,Matt Cassel,DAL,QB,10,1276,5,7,78,0,0,0,0,0,6.7,66.84,2015
186,Brandon Weeden,HOU,QB,6,1043,5,2,47,1,0,0,0,1,11.1,66.42,2015
187,Crockett Gillmore,BAL,TE,10,0,0,0,0,0,33,412,4,0,6.5,65.2,2015
188,Mike Tolbert,CAR,FB,16,0,0,0,256,1,18,154,3,0,4.1,65.0,2015
189,Dwayne Harris,NYG,WR,15,0,0,0,12,0,36,396,4,0,4.3,64.8,2015
190,Dontrelle Inman,LAC,WR,14,0,0,0,0,0,35,486,3,1,4.6,64.6,2015
191,Brian Hartline,CLE,WR,12,0,0,0,0,0,46,523,2,0,5.4,64.3,2015
192,Joseph Randle,DAL,RB,6,0,0,0,315,4,10,86,0,0,10.7,64.1,2015
193,Jerick McKinnon,MIN,RB,16,0,0,0,271,2,21,173,1,0,3.9,62.4,2015
193,Will Tye,NYG,TE,13,0,0,0,0,0,42,464,3,1,4.8,62.4,2015
195,Kenny Stills,MIA,WR,16,0,0,0,0,0,27,440,3,0,3.9,62.0,2015
196,Martellus Bennett,CHI,TE,11,0,0,0,0,0,53,439,3,0,5.6,61.9,2015
197,Dexter McCluster,TEN,RB,12,0,0,0,247,1,31,260,1,2,5.1,60.7,2015
198,Kendall Wright,TEN,WR,10,0,0,0,17,0,36,408,3,0,6.0,60.5,2015
199,Mike Wallace,MIN,WR,16,0,0,0,6,0,39,473,2,0,3.7,59.9,2015
200,Andre Ellington,ARI,RB,10,0,0,0,289,3,15,148,0,1,6.0,59.7,2015
200,Albert Wilson,KC,WR,14,0,0,0,26,0,35,451,2,0,4.3,59.7,2015
202,Jonathan Grimes,HOU,RB,14,0,0,0,282,1,26,173,1,0,4.2,59.5,2015
203,Mohamed Sanu,CIN,WR,16,0,0,0,71,2,33,394,0,0,3.7,58.5,2015
204,Dez Bryant,DAL,WR,9,0,0,0,0,0,31,401,3,0,6.5,58.1,2015
205,Brent Celek,PHI,TE,16,0,0,0,0,0,27,398,3,0,3.6,57.8,2015
205,Austin Seferian-Jenkins,TB,TE,7,0,0,0,0,0,21,338,4,0,8.3,57.8,2015
207,Chris Thompson,WAS,RB,13,0,0,0,216,0,35,240,2,0,4.4,57.6,2015
208,Chris Hogan,BUF,WR,16,4,0,0,4,0,36,450,2,0,3.6,57.56,2015
209,Brandon Coleman,NO,WR,16,0,0,0,0,0,30,454,2,0,3.6,57.4,2015
210,Roddy White,ATL,WR,16,0,0,0,0,0,43,506,1,0,3.5,56.6,2015
210,Jordan Cameron,MIA,TE,16,0,0,0,0,0,35,386,3,0,3.5,56.6,2015
212,Kyle Juszczyk,BAL,FB,16,0,0,0,3,0,41,321,4,0,3.5,56.4,2015
213,Chris Polk,HOU,RB,15,0,0,0,334,1,16,109,1,0,3.8,56.3,2015
213,Davante Adams,GB,WR,13,0,0,0,0,0,50,483,1,0,4.3,56.3,2015
215,Lance Moore,DET,WR,14,0,0,0,0,0,29,337,4,1,4.0,55.7,2015
216,AJ McCarron,CIN,QB,7,854,6,2,31,0,0,0,0,1,7.9,55.26,2015
217,Arian Foster,HOU,RB,4,0,0,0,163,1,22,227,2,1,13.8,55.0,2015
218,Khiry Robinson,NO,RB,8,0,0,0,180,4,17,115,0,0,6.7,53.5,2015
219,Brandon LaFell,NE,WR,11,0,0,0,9,0,37,515,0,0,4.8,52.4,2015
219,Marquess Wilson,CHI,WR,11,0,0,0,0,0,28,464,1,0,4.8,52.4,2015
221,Shaun Draughn,SF,RB,11,0,0,0,273,1,27,176,0,0,4.6,50.9,2015
221,Clive Walford,OAK,TE,16,0,0,0,0,0,28,329,3,0,3.2,50.9,2015
223,Leonard Hankerson,BUF,WR,10,0,0,0,0,0,26,327,3,0,5.1,50.7,2015
223,Brandon Bolden,NE,RB,15,0,0,0,207,0,19,180,2,0,3.4,50.7,2015
225,Vance McDonald,SF,TE,14,0,0,0,0,0,30,326,3,0,3.6,50.6,2015
226,Harry Douglas,TEN,WR,14,0,0,0,-6,0,36,411,2,1,3.6,50.5,2015
227,Scott Chandler,NE,TE,15,0,0,0,0,0,23,259,4,0,3.3,49.9,2015
228,Josh Huff,PHI,WR,15,0,0,0,0,0,27,312,3,0,3.3,49.2,2015
229,Darren Fells,ARI,TE,14,0,0,0,0,0,21,311,3,0,3.5,49.1,2015
230,Marcel Reece,OAK,FB,15,0,0,0,36,0,30,269,3,0,3.2,48.5,2015
231,Jared Cook,LAR,TE,16,0,0,0,0,0,39,481,0,1,3.0,48.1,2015
232,CJ Spiller,NO,RB,13,0,0,0,112,0,34,239,2,0,3.6,47.1,2015
233,Denard Robinson,JAX,RB,13,0,0,0,266,1,21,164,0,1,3.6,47.0,2015
234,Cameron Brate,TB,TE,14,0,0,0,0,0,23,288,3,0,3.3,46.8,2015
235,Quinton Patton,SF,WR,16,0,0,0,5,0,30,394,1,0,2.9,45.9,2015
236,Fred Jackson,SEA,RB,16,0,0,0,100,0,32,257,2,1,2.9,45.7,2015
237,Mike Gillislee,BUF,RB,5,0,0,0,267,3,6,29,0,1,9.1,45.6,2015
238,Jarius Wright,MIN,WR,16,0,0,0,29,0,34,442,0,1,2.8,45.1,2015
239,Riley Cooper,PHI,WR,16,0,0,0,0,0,21,327,2,0,2.8,44.7,2015
240,Andre Holmes,OAK,WR,16,0,0,0,0,0,14,201,4,0,2.8,44.1,2015
241,Case Keenum,LAR,QB,6,828,4,1,5,0,0,0,0,2,7.3,43.62,2015
242,Darrius Heyward-Bey,PIT,WR,16,0,0,0,0,0,21,314,2,0,2.7,43.4,2015
243,Bishop Sankey,TEN,RB,13,0,0,0,193,1,14,139,1,1,3.3,43.2,2015
244,Chris Givens,BAL,WR,16,0,0,0,18,0,20,353,1,0,2.7,43.1,2015
245,Bryan Walters,JAX,WR,11,0,0,0,0,0,32,368,1,0,3.9,42.8,2015
246,Zach Mettenberger,TEN,QB,7,935,4,7,8,1,0,0,0,2,6.0,42.2,2015
247,Anthony Fasano,TEN,TE,16,0,0,0,0,0,26,289,2,0,2.6,40.9,2015
248,Tony Romo,DAL,QB,4,884,5,7,13,0,0,0,0,1,10.2,40.66,2015
249,Tevin Coleman,ATL,RB,12,0,0,0,392,1,2,14,0,3,3.4,40.6,2015
250,JJ Nelson,ARI,WR,11,0,0,0,0,0,11,299,2,1,3.6,39.9,2015
251,Vernon Davis,DEN,TE,15,0,0,0,0,0,38,395,0,0,2.6,39.5,2015
252,Benjamin Cunningham,LAR,RB,16,0,0,0,140,0,26,250,0,0,2.4,39.0,2015
253,EJ Manuel,BUF,QB,7,561,3,3,64,1,0,0,0,1,5.5,38.84,2015
254,Ryan Grant,WAS,WR,16,0,0,0,0,0,23,268,2,0,2.4,38.8,2015
255,Donald Brown,LAC,RB,10,0,0,0,229,1,8,88,0,0,3.8,37.7,2015
256,Keshawn Martin,NE,WR,9,0,0,0,6,0,24,269,2,1,4.2,37.5,2015
257,Ryan Griffin,HOU,TE,9,0,0,0,0,0,20,251,2,0,4.1,37.1,2015
258,Garrett Celek,SF,TE,11,0,0,0,0,0,19,186,3,0,3.3,36.6,2015
259,Lance Kendricks,LAR,TE,15,0,0,0,0,0,25,245,2,0,2.4,36.5,2015
260,Jeremy Butler,BAL,WR,8,0,0,0,0,0,31,363,0,0,4.5,36.3,2015
261,Ed Dickson,CAR,TE,16,0,0,0,0,2,17,121,2,0,2.3,36.1,2015
262,Jay Ajayi,MIA,RB,9,0,0,0,187,1,7,90,0,0,4.0,35.7,2015
263,Josh Bellamy,CHI,WR,16,0,0,0,0,0,19,224,2,0,2.2,34.4,2015
263,Andre Williams,NYG,RB,16,0,0,0,257,1,1,7,0,0,2.2,34.4,2015
265,Larry Donnell,NYG,TE,8,0,0,0,0,0,29,223,2,0,4.3,34.3,2015
266,Jaelen Strong,HOU,WR,10,0,0,0,0,0,14,161,3,0,3.4,34.1,2015
267,Mychal Rivera,OAK,TE,16,0,0,0,0,0,32,280,1,0,2.1,34.0,2015
268,Ka'Deem Carey,CHI,RB,11,0,0,0,159,2,3,19,1,1,3.1,33.8,2015
269,Tre Mason,LAR,RB,13,0,0,0,207,1,18,88,0,1,2.6,33.5,2015
270,Jimmy Clausen,BAL,QB,4,739,2,4,36,0,0,0,0,0,8.3,33.16,2015
271,Kellen Moore,DAL,QB,3,779,4,6,-1,0,0,0,0,1,11.0,33.06,2015
272,Ahmad Bradshaw,IND,RB,6,0,0,0,85,0,10,64,3,0,5.5,32.9,2015
273,Mark Sanchez,PHI,QB,4,616,4,4,22,0,0,0,0,1,8.2,32.84,2015
274,Maxx Williams,BAL,TE,14,0,0,0,0,0,32,268,1,0,2.3,32.8,2015
275,Justin Hunter,TEN,WR,9,0,0,0,0,0,22,264,1,0,3.6,32.4,2015
276,Nelson Agholor,PHI,WR,13,0,0,0,0,0,23,283,1,1,2.5,32.3,2015
277,Adam Humphries,TB,WR,13,0,0,0,0,0,27,260,1,0,2.5,32.0,2015
278,Quincy Enunwa,NYJ,WR,12,0,0,0,0,0,22,315,0,0,2.6,31.5,2015
279,Percy Harvin,BUF,WR,5,0,0,0,31,0,19,218,1,0,6.2,30.9,2015
280,Michael Vick,PIT,QB,5,371,2,1,99,0,0,0,0,0,6.1,30.74,2015
281,Cameron Artis-Payne,CAR,RB,7,0,0,0,183,1,5,58,0,0,4.3,30.1,2015
282,Eddie Royal,CHI,WR,9,0,0,0,-1,0,37,238,1,0,3.3,29.7,2015
283,Marqise Lee,JAX,WR,10,0,0,0,38,0,15,191,1,0,2.9,28.9,2015
284,Zach Line,MIN,FB,16,0,0,0,10,2,6,95,1,0,1.8,28.5,2015
285,Miles Austin,PHI,WR,11,0,0,0,0,0,13,224,1,0,2.6,28.4,2015
286,Jermaine Gresham,ARI,TE,15,0,0,0,0,0,18,223,1,0,1.9,28.3,2015
287,Travaris Cadet,NO,RB,7,0,0,0,28,0,17,214,1,1,4.0,28.2,2015
287,Robert Turbin,DAL,RB,10,0,0,0,199,1,7,23,0,0,2.8,28.2,2015
287,Lance Dunbar,DAL,RB,4,0,0,0,67,0,21,215,0,0,7.0,28.2,2015
287,Phillip Dorsett,IND,WR,11,0,0,0,17,0,18,225,1,1,2.6,28.2,2015
291,Nick Williams,ATL,WR,14,0,0,0,0,0,17,159,2,0,2.0,27.9,2015
292,Marc Mariani,CHI,WR,16,0,0,0,-3,0,22,300,0,1,1.7,27.7,2015
293,Andrew Hawkins,CLE,WR,8,0,0,0,0,0,27,276,0,1,3.4,27.6,2015
294,De'Anthony Thomas,KC,WR,10,0,0,0,34,1,17,140,1,1,2.7,27.4,2015
295,Luke Willson,SEA,TE,14,0,0,0,0,0,17,213,1,0,2.0,27.3,2015
296,Jeremy Kerley,NYJ,WR,16,0,0,0,0,0,16,152,2,0,1.7,27.2,2015
297,Ty Montgomery,GB,RB,6,0,0,0,14,0,15,136,2,0,4.5,27.0,2015
298,Greg Jennings,MIA,WR,16,0,0,0,0,0,19,208,1,0,1.7,26.8,2015
299,Matt Schaub,BAL,QB,2,540,3,4,10,0,0,0,0,0,13.3,26.6,2015
299,DuJuan Harris,SF,RB,4,0,0,0,189,0,9,97,0,1,6.6,26.6,2015
