Rank,Name,Team,Position,Played,RushingAttempts,RushingYards,RushingYardsPerAttempt,RushingTouchdowns,ReceivingTargets,Receptions,ReceivingYards,ReceivingTouchdowns,Fumbles,FumblesLost,FantasyPointsPerGame,FantasyPoints,Year,Category
1.0,Todd Gurley,LAR,RB,14.0,256.0,1251.0,4.9,17.0,81.0,59.0,580.0,4.0,1.0,1.0,22.4,313.1,2018.0,Rushing
2.0,Saquon Barkley,NYG,RB,16.0,261.0,1307.0,5.0,11.0,121.0,91.0,721.0,4.0,0.0,0.0,18.4,294.8,2018.0,Rushing
3.0,Christian McCaffrey,CAR,RB,16.0,219.0,1098.0,5.0,7.0,124.0,107.0,867.0,6.0,4.0,1.0,17.4,278.5,2018.0,Rushing
4.0,Alvin Kamara,NO,RB,15.0,194.0,883.0,4.6,14.0,105.0,81.0,709.0,4.0,1.0,0.0,18.2,273.2,2018.0,Rushing
5.0,Ezekiel Elliott,DAL,RB,15.0,304.0,1435.0,4.7,6.0,95.0,77.0,567.0,3.0,6.0,1.0,16.8,252.2,2018.0,Rushing
6.0,Melvin Gordon,LAC,RB,12.0,175.0,885.0,5.1,10.0,66.0,50.0,490.0,4.0,1.0,0.0,18.8,225.5,2018.0,Rushing
7.0,James Conner,PIT,RB,13.0,215.0,973.0,4.5,12.0,71.0,55.0,497.0,1.0,4.0,2.0,17.3,225.0,2018.0,Rushing
8.0,Kareem Hunt,KC,RB,11.0,181.0,824.0,4.6,7.0,35.0,26.0,378.0,7.0,0.0,0.0,18.6,204.2,2018.0,Rushing
9.0,Joe Mixon,CIN,RB,14.0,237.0,1168.0,4.9,8.0,55.0,43.0,296.0,1.0,0.0,0.0,14.3,200.4,2018.0,Rushing
10.0,David Johnson,ARI,RB,16.0,258.0,940.0,3.6,7.0,76.0,50.0,446.0,3.0,3.0,2.0,12.3,196.6,2018.0,Rushing
11.0,James White,NE,RB,16.0,94.0,425.0,4.5,5.0,123.0,87.0,751.0,7.0,0.0,0.0,11.8,189.6,2018.0,Rushing
12.0,Phillip Lindsay,DEN,RB,15.0,192.0,1037.0,5.4,9.0,47.0,35.0,241.0,1.0,0.0,0.0,12.5,187.8,2018.0,Rushing
13.0,Derrick Henry,TEN,RB,16.0,215.0,1059.0,4.9,12.0,18.0,15.0,99.0,0.0,1.0,1.0,11.6,186.36,2018.0,Rushing
14.0,Chris Carson,SEA,RB,14.0,247.0,1151.0,4.7,9.0,24.0,20.0,163.0,0.0,3.0,2.0,13.0,181.4,2018.0,Rushing
15.0,Nick Chubb,CLE,RB,16.0,192.0,996.0,5.2,8.0,29.0,20.0,149.0,2.0,0.0,0.0,10.9,174.5,2018.0,Rushing
16.0,Adrian Peterson,WAS,RB,16.0,251.0,1042.0,4.2,7.0,26.0,20.0,208.0,1.0,3.0,2.0,10.6,169.0,2018.0,Rushing
17.0,Tarik Cohen,CHI,RB,16.0,99.0,444.0,4.5,3.0,91.0,71.0,725.0,5.0,7.0,3.0,10.2,162.94,2018.0,Rushing
18.0,Tevin Coleman,ATL,RB,16.0,167.0,800.0,4.8,4.0,44.0,32.0,276.0,5.0,2.0,0.0,10.1,161.6,2018.0,Rushing
19.0,Marlon Mack,IND,RB,12.0,195.0,908.0,4.7,9.0,26.0,17.0,103.0,1.0,2.0,2.0,13.4,161.1,2018.0,Rushing
20.0,Jordan Howard,CHI,RB,16.0,250.0,935.0,3.7,9.0,27.0,20.0,145.0,0.0,2.0,1.0,10.0,160.0,2018.0,Rushing
21.0,Kenyan Drake,MIA,RB,16.0,120.0,535.0,4.5,4.0,73.0,53.0,477.0,5.0,2.0,1.0,9.6,153.2,2018.0,Rushing
22.0,Lamar Miller,HOU,RB,14.0,210.0,973.0,4.6,5.0,35.0,25.0,163.0,1.0,1.0,1.0,10.5,147.6,2018.0,Rushing
23.0,Aaron Jones,GB,RB,12.0,133.0,728.0,5.5,8.0,35.0,26.0,206.0,1.0,1.0,1.0,12.1,145.4,2018.0,Rushing
24.0,Matt Breida,SF,RB,14.0,153.0,814.0,5.3,3.0,31.0,27.0,261.0,2.0,1.0,1.0,9.7,135.5,2018.0,Rushing
25.0,Sony Michel,NE,RB,13.0,209.0,931.0,4.5,6.0,11.0,7.0,50.0,0.0,1.0,1.0,10.2,132.1,2018.0,Rushing
26.0,Peyton Barber,TB,RB,16.0,234.0,871.0,3.7,5.0,29.0,20.0,92.0,1.0,1.0,1.0,8.1,130.3,2018.0,Rushing
27.0,Austin Ekeler,LAC,RB,14.0,106.0,554.0,5.2,3.0,53.0,39.0,404.0,3.0,1.0,1.0,9.3,129.8,2018.0,Rushing
28.0,Mark Ingram,NO,RB,12.0,138.0,645.0,4.7,6.0,27.0,21.0,170.0,1.0,3.0,1.0,10.1,121.5,2018.0,Rushing
29.0,Isaiah Crowell,NYJ,RB,13.0,143.0,685.0,4.8,6.0,28.0,21.0,152.0,0.0,0.0,0.0,9.2,119.7,2018.0,Rushing
30.0,TJ Yeldon,JAX,RB,14.0,104.0,414.0,4.0,1.0,77.0,55.0,487.0,4.0,1.0,1.0,8.4,118.1,2018.0,Rushing
31.0,Dalvin Cook,MIN,RB,11.0,133.0,615.0,4.6,2.0,49.0,40.0,305.0,2.0,2.0,2.0,10.2,112.0,2018.0,Rushing
32.0,Latavius Murray,MIN,RB,16.0,140.0,578.0,4.1,6.0,26.0,22.0,141.0,0.0,0.0,0.0,6.9,109.9,2018.0,Rushing
33.0,Kerryon Johnson,DET,RB,10.0,118.0,641.0,5.4,3.0,39.0,32.0,213.0,1.0,1.0,1.0,10.7,107.4,2018.0,Rushing
34.0,Mike Davis,SEA,RB,15.0,112.0,514.0,4.6,4.0,42.0,34.0,214.0,1.0,0.0,0.0,6.9,102.8,2018.0,Rushing
35.0,Doug Martin,OAK,RB,16.0,172.0,723.0,4.2,4.0,24.0,18.0,116.0,0.0,3.0,3.0,6.4,101.9,2018.0,Rushing
36.0,Dion Lewis,TEN,RB,16.0,155.0,517.0,3.3,1.0,67.0,59.0,400.0,1.0,1.0,1.0,6.4,101.7,2018.0,Rushing
37.0,Leonard Fournette,JAX,RB,8.0,133.0,439.0,3.3,5.0,26.0,22.0,185.0,1.0,0.0,0.0,12.3,98.4,2018.0,Rushing
38.0,Nyheim Hines,IND,RB,16.0,85.0,314.0,3.7,2.0,81.0,63.0,425.0,2.0,1.0,0.0,6.1,97.9,2018.0,Rushing
39.0,Alex Collins,BAL,RB,10.0,114.0,411.0,3.6,7.0,21.0,15.0,105.0,1.0,3.0,3.0,9.4,93.6,2018.0,Rushing
40.0,LeSean McCoy,BUF,RB,14.0,161.0,514.0,3.2,3.0,46.0,34.0,238.0,0.0,0.0,0.0,6.7,93.2,2018.0,Rushing
41.0,Frank Gore,MIA,RB,14.0,156.0,722.0,4.6,0.0,16.0,12.0,124.0,1.0,1.0,0.0,6.5,90.6,2018.0,Rushing
42.0,Wendell Smallwood,PHI,RB,16.0,87.0,364.0,4.2,3.0,35.0,28.0,230.0,2.0,2.0,1.0,5.6,89.4,2018.0,Rushing
43.0,Jalen Richard,OAK,RB,16.0,55.0,259.0,4.7,1.0,81.0,68.0,607.0,0.0,3.0,2.0,5.5,88.6,2018.0,Rushing
44.0,Carlos Hyde,JAX,RB,14.0,172.0,571.0,3.3,5.0,17.0,10.0,33.0,0.0,2.0,1.0,6.3,88.4,2018.0,Rushing
45.0,Gus Edwards,BAL,RB,11.0,137.0,718.0,5.2,2.0,2.0,2.0,20.0,0.0,0.0,0.0,8.0,87.8,2018.0,Rushing
46.0,Jamaal Williams,GB,RB,16.0,121.0,464.0,3.8,3.0,41.0,27.0,210.0,0.0,0.0,0.0,5.5,87.4,2018.0,Rushing
47.0,Royce Freeman,DEN,RB,14.0,130.0,521.0,4.0,5.0,20.0,14.0,72.0,0.0,1.0,1.0,6.2,87.3,2018.0,Rushing
48.0,Duke Johnson,CLE,RB,16.0,40.0,201.0,5.0,0.0,62.0,47.0,429.0,3.0,1.0,0.0,5.3,85.0,2018.0,Rushing
49.0,Alfred Blue,HOU,RB,16.0,150.0,499.0,3.3,2.0,27.0,20.0,154.0,0.0,0.0,0.0,4.8,77.3,2018.0,Rushing
50.0,LeGarrette Blount,DET,RB,16.0,154.0,418.0,2.7,5.0,15.0,10.0,67.0,0.0,2.0,1.0,4.8,76.5,2018.0,Rushing
51.0,Damien Williams,KC,RB,14.0,50.0,256.0,5.1,4.0,24.0,23.0,160.0,2.0,1.0,1.0,5.4,75.6,2018.0,Rushing
52.0,Josh Adams,PHI,RB,13.0,120.0,511.0,4.3,3.0,13.0,7.0,58.0,0.0,1.0,1.0,5.8,74.9,2018.0,Rushing
53.0,Ito Smith,ATL,RB,14.0,90.0,315.0,3.5,4.0,32.0,27.0,152.0,0.0,1.0,0.0,5.0,70.7,2018.0,Rushing
54.0,Elijah McGuire,NYJ,RB,8.0,92.0,276.0,3.0,3.0,31.0,19.0,193.0,1.0,2.0,2.0,8.4,66.9,2018.0,Rushing
55.0,Chris Ivory,BUF,RB,13.0,115.0,385.0,3.3,1.0,21.0,13.0,205.0,0.0,1.0,0.0,5.0,65.0,2018.0,Rushing
56.0,Marshawn Lynch,OAK,RB,6.0,90.0,376.0,4.2,3.0,20.0,15.0,84.0,0.0,0.0,0.0,10.7,64.0,2018.0,Rushing
57.0,Jaylen Samuels,PIT,FB,14.0,56.0,256.0,4.6,0.0,29.0,26.0,199.0,3.0,1.0,0.0,4.5,63.5,2018.0,Rushing
58.0,CJ Anderson,LAR,RB,11.0,67.0,403.0,6.0,2.0,9.0,5.0,41.0,1.0,0.0,0.0,5.7,62.4,2018.0,Rushing
59.0,Rashaad Penny,SEA,RB,14.0,85.0,419.0,4.9,2.0,12.0,9.0,75.0,0.0,0.0,0.0,4.4,61.4,2018.0,Rushing
60.0,Giovani Bernard,CIN,RB,12.0,56.0,211.0,3.8,3.0,48.0,35.0,218.0,0.0,0.0,0.0,5.1,60.9,2018.0,Rushing
61.0,Alfred Morris,SF,RB,12.0,111.0,428.0,3.9,2.0,14.0,8.0,73.0,0.0,2.0,1.0,5.0,60.1,2018.0,Rushing
62.0,Corey Clement,PHI,RB,11.0,68.0,259.0,3.8,2.0,25.0,22.0,192.0,0.0,4.0,0.0,5.4,59.1,2018.0,Rushing
63.0,Spencer Ware,KC,RB,13.0,51.0,246.0,4.8,2.0,23.0,20.0,224.0,0.0,0.0,0.0,4.5,59.0,2018.0,Rushing
64.0,Javorius Allen,BAL,RB,14.0,41.0,110.0,2.7,3.0,43.0,35.0,196.0,2.0,1.0,1.0,4.2,58.6,2018.0,Rushing
65.0,Theo Riddick,DET,RB,14.0,40.0,171.0,4.3,0.0,74.0,61.0,384.0,0.0,0.0,0.0,4.0,55.5,2018.0,Rushing
66.0,Chris Thompson,WAS,RB,10.0,43.0,178.0,4.1,0.0,55.0,41.0,268.0,1.0,1.0,0.0,5.1,50.6,2018.0,Rushing
67.0,Zach Zenner,DET,RB,8.0,55.0,265.0,4.8,3.0,10.0,7.0,56.0,0.0,0.0,0.0,6.3,50.1,2018.0,Rushing
68.0,Devontae Booker,DEN,RB,16.0,34.0,183.0,5.4,1.0,51.0,38.0,275.0,0.0,1.0,1.0,3.1,49.8,2018.0,Rushing
69.0,Bilal Powell,NYJ,RB,7.0,80.0,343.0,4.3,0.0,18.0,11.0,110.0,1.0,2.0,1.0,7.0,49.3,2018.0,Rushing
70.0,Kenneth Dixon,BAL,RB,6.0,60.0,333.0,5.6,2.0,7.0,6.0,51.0,0.0,2.0,1.0,8.1,48.4,2018.0,Rushing
71.0,Ty Montgomery,BAL,RB,13.0,41.0,188.0,4.6,1.0,40.0,25.0,235.0,0.0,2.0,1.0,3.6,46.3,2018.0,Rushing
72.0,Justin Jackson,LAC,RB,9.0,50.0,206.0,4.1,2.0,19.0,15.0,135.0,0.0,0.0,0.0,5.1,46.1,2018.0,Rushing
73.0,Darren Sproles,PHI,RB,6.0,29.0,120.0,4.1,1.0,23.0,15.0,160.0,2.0,0.0,0.0,7.7,46.0,2018.0,Rushing
74.0,Kapri Bibbs,GB,RB,12.0,21.0,103.0,4.9,3.0,23.0,16.0,115.0,1.0,1.0,0.0,3.8,45.8,2018.0,Rushing
75.0,Jacquizz Rodgers,TB,RB,16.0,33.0,106.0,3.2,1.0,45.0,38.0,304.0,0.0,1.0,1.0,2.8,45.0,2018.0,Rushing
76.0,Jordan Wilkins,IND,RB,16.0,60.0,336.0,5.6,1.0,17.0,16.0,85.0,0.0,2.0,2.0,2.8,44.1,2018.0,Rushing
77.0,Chase Edmonds,ARI,RB,16.0,60.0,208.0,3.5,2.0,23.0,20.0,103.0,0.0,1.0,0.0,2.7,43.1,2018.0,Rushing
78.0,Jay Ajayi,PHI,RB,4.0,45.0,184.0,4.1,3.0,6.0,5.0,20.0,0.0,1.0,1.0,9.6,38.4,2018.0,Rushing
79.0,Kyle Juszczyk,SF,FB,16.0,8.0,30.0,3.8,0.0,40.0,30.0,324.0,1.0,2.0,2.0,2.3,37.4,2018.0,Rushing
80.0,Rex Burkhead,NE,RB,8.0,57.0,186.0,3.3,0.0,20.0,14.0,131.0,1.0,2.0,1.0,4.5,35.7,2018.0,Rushing
81.0,Malcolm Brown,LAR,RB,12.0,43.0,212.0,4.9,0.0,7.0,5.0,52.0,1.0,0.0,0.0,2.9,34.4,2018.0,Rushing
82.0,Raheem Mostert,SF,RB,9.0,34.0,261.0,7.7,1.0,7.0,6.0,25.0,0.0,1.0,1.0,3.6,32.6,2018.0,Rushing
83.0,Jeffery Wilson,SF,RB,6.0,66.0,266.0,4.0,0.0,15.0,12.0,98.0,0.0,3.0,2.0,5.4,32.4,2018.0,Rushing
84.0,Trenton Cannon,NYJ,RB,16.0,38.0,113.0,3.0,1.0,25.0,17.0,144.0,0.0,0.0,0.0,2.0,31.7,2018.0,Rushing
85.0,James Develin,NE,RB,16.0,6.0,8.0,1.3,4.0,18.0,12.0,61.0,0.0,0.0,0.0,1.9,30.9,2018.0,Rushing
86.0,Wayne Gallman,NYG,RB,15.0,51.0,176.0,3.5,1.0,22.0,14.0,89.0,0.0,2.0,1.0,2.0,30.5,2018.0,Rushing
87.0,Kalen Ballage,MIA,RB,12.0,36.0,191.0,5.3,1.0,11.0,9.0,56.0,0.0,1.0,1.0,2.4,28.7,2018.0,Rushing
88.0,Marcus Murphy,BUF,RB,11.0,52.0,250.0,4.8,0.0,19.0,11.0,26.0,0.0,1.0,0.0,2.5,27.6,2018.0,Rushing
89.0,Brandon Bolden,MIA,RB,16.0,8.0,91.0,11.4,2.0,3.0,3.0,13.0,1.0,1.0,1.0,1.6,26.4,2018.0,Rushing
90.0,Rod Smith,DAL,RB,16.0,44.0,127.0,2.9,1.0,12.0,9.0,60.0,0.0,0.0,0.0,1.5,24.7,2018.0,Rushing
91.0,Andy Janovich,DEN,FB,16.0,2.0,5.0,2.5,0.0,10.0,8.0,112.0,1.0,0.0,0.0,1.1,17.7,2018.0,Rushing
92.0,Zach Line,NO,FB,16.0,9.0,41.0,4.6,0.0,10.0,5.0,14.0,2.0,0.0,0.0,1.1,17.5,2018.0,Rushing
93.0,Anthony Sherman,KC,FB,16.0,1.0,2.0,2.0,0.0,9.0,8.0,96.0,1.0,0.0,0.0,1.0,15.8,2018.0,Rushing
94.0,Dwayne Washington,NO,RB,6.0,27.0,154.0,5.7,0.0,0.0,0.0,0.0,0.0,0.0,0.0,2.6,15.4,2018.0,Rushing
94.0,Taquan Mizzell,CHI,RB,9.0,9.0,16.0,1.8,0.0,10.0,8.0,78.0,1.0,0.0,0.0,1.7,15.4,2018.0,Rushing
96.0,Brian Hill,ATL,RB,9.0,20.0,157.0,7.8,0.0,2.0,1.0,9.0,0.0,1.0,1.0,1.6,14.6,2018.0,Rushing
97.0,Cameron Artis-Payne,CAR,RB,9.0,19.0,69.0,3.6,1.0,4.0,3.0,15.0,0.0,0.0,0.0,1.6,14.4,2018.0,Rushing
98.0,Alex Armah,CAR,RB,16.0,9.0,15.0,1.7,2.0,1.0,1.0,5.0,0.0,0.0,0.0,0.9,14.0,2018.0,Rushing
99.0,Ronald Jones II,TB,RB,9.0,23.0,44.0,1.9,1.0,9.0,7.0,33.0,0.0,0.0,0.0,1.5,13.7,2018.0,Rushing
100.0,Darrel Williams,KC,RB,4.0,13.0,44.0,3.4,0.0,3.0,3.0,27.0,1.0,0.0,0.0,3.3,13.1,2018.0,Rushing
101.0,Stevan Ridley,PIT,RB,10.0,29.0,80.0,2.8,1.0,4.0,3.0,18.0,0.0,2.0,2.0,1.2,11.8,2018.0,Rushing
102.0,Corey Grant,JAX,RB,5.0,13.0,40.0,3.1,0.0,12.0,9.0,67.0,0.0,0.0,0.0,2.1,10.7,2018.0,Rushing
103.0,Deandre Washington,OAK,RB,10.0,30.0,115.0,3.8,0.0,1.0,1.0,9.0,0.0,1.0,1.0,1.0,10.4,2018.0,Rushing
104.0,John Kelly,LAR,RB,4.0,27.0,74.0,2.7,0.0,3.0,2.0,27.0,0.0,0.0,0.0,2.5,10.1,2018.0,Rushing
105.0,Keith Ford,BUF,RB,2.0,21.0,79.0,3.8,0.0,5.0,3.0,21.0,0.0,0.0,0.0,5.0,10.0,2018.0,Rushing
106.0,Charcandrick West,KC,RB,3.0,2.0,-1.0,-0.5,0.0,3.0,2.0,37.0,1.0,0.0,0.0,3.2,9.6,2018.0,Rushing
107.0,CJ Ham,MIN,RB,15.0,6.0,8.0,1.3,0.0,15.0,11.0,85.0,0.0,0.0,0.0,0.6,9.3,2018.0,Rushing
108.0,Devonta Freeman,ATL,RB,2.0,14.0,68.0,4.9,0.0,7.0,5.0,23.0,0.0,0.0,0.0,4.6,9.1,2018.0,Rushing
109.0,D'Onta Foreman,HOU,RB,1.0,7.0,-1.0,-0.1,0.0,2.0,2.0,28.0,1.0,1.0,0.0,8.7,8.7,2018.0,Rushing
110.0,Dontrell Hilliard,CLE,RB,11.0,0.0,0.0,0.0,0.0,10.0,9.0,105.0,0.0,0.0,0.0,0.8,8.5,2018.0,Rushing
111.0,Elijhaa Penny,NYG,RB,12.0,7.0,25.0,3.6,0.0,9.0,8.0,50.0,0.0,0.0,0.0,0.6,7.5,2018.0,Rushing
111.0,Mark Walton,CIN,RB,14.0,14.0,34.0,2.4,0.0,8.0,5.0,41.0,0.0,0.0,0.0,0.5,7.5,2018.0,Rushing
113.0,Kenjon Barner,CAR,RB,9.0,19.0,71.0,3.7,0.0,1.0,1.0,3.0,0.0,1.0,0.0,0.8,7.4,2018.0,Rushing
114.0,Patrick DiMarco,BUF,FB,16.0,1.0,9.0,9.0,0.0,4.0,3.0,62.0,0.0,0.0,0.0,0.4,7.1,2018.0,Rushing
115.0,Detrez Newsome,LAC,RB,9.0,11.0,49.0,4.5,0.0,2.0,2.0,19.0,0.0,0.0,0.0,0.8,6.8,2018.0,Rushing
116.0,Roc Thomas,MIN,RB,5.0,8.0,30.0,3.8,0.0,4.0,2.0,21.0,0.0,0.0,0.0,1.0,5.1,2018.0,Rushing
117.0,Mike Boone,MIN,RB,8.0,11.0,47.0,4.3,0.0,3.0,2.0,1.0,0.0,0.0,0.0,0.6,4.8,2018.0,Rushing
118.0,Roosevelt Nix,PIT,RB,16.0,1.0,4.0,4.0,0.0,6.0,4.0,38.0,0.0,0.0,0.0,0.3,4.2,2018.0,Rushing
119.0,Tommy Bohanon,JAX,FB,16.0,1.0,0.0,0.0,0.0,9.0,6.0,41.0,0.0,0.0,0.0,0.3,4.1,2018.0,Rushing
120.0,Byron Marshall,WAS,RB,6.0,3.0,9.0,3.0,0.0,6.0,4.0,30.0,0.0,0.0,0.0,0.6,3.9,2018.0,Rushing
120.0,TJ Logan,ARI,RB,10.0,2.0,2.0,1.0,0.0,7.0,7.0,37.0,0.0,0.0,0.0,0.4,3.9,2018.0,Rushing
122.0,Tre Madden,SEA,RB,14.0,3.0,3.0,1.0,0.0,3.0,2.0,35.0,0.0,0.0,0.0,0.3,3.8,2018.0,Rushing
123.0,Samaje Perine,WAS,RB,5.0,8.0,32.0,4.0,0.0,4.0,3.0,5.0,0.0,0.0,0.0,0.7,3.7,2018.0,Rushing
124.0,David Williams,JAX,RB,3.0,8.0,36.0,4.5,0.0,0.0,0.0,0.0,0.0,0.0,0.0,1.2,3.6,2018.0,Rushing
125.0,Tyler Ervin,HOU,RB,9.0,0.0,0.0,0.0,0.0,4.0,3.0,35.0,0.0,1.0,0.0,0.4,3.5,2018.0,Rushing
126.0,Shaun Wilson,TB,RB,5.0,6.0,29.0,4.8,0.0,5.0,3.0,5.0,0.0,0.0,0.0,0.7,3.4,2018.0,Rushing
127.0,Mike Gillislee,NO,RB,4.0,16.0,43.0,2.7,0.0,1.0,1.0,9.0,0.0,1.0,1.0,0.8,3.2,2018.0,Rushing
128.0,Jeremy Hill,NE,RB,1.0,4.0,25.0,6.2,0.0,1.0,1.0,6.0,0.0,0.0,0.0,3.1,3.1,2018.0,Rushing
129.0,Benjamin Cunningham,CHI,RB,15.0,11.0,20.0,1.8,0.0,2.0,1.0,9.0,0.0,0.0,0.0,0.2,2.9,2018.0,Rushing
130.0,Jeremy Langford,ATL,RB,1.0,9.0,25.0,2.8,0.0,0.0,0.0,0.0,0.0,0.0,0.0,2.5,2.5,2018.0,Rushing
131.0,Keith Smith,OAK,FB,16.0,1.0,0.0,0.0,0.0,7.0,5.0,23.0,0.0,0.0,0.0,0.1,2.3,2018.0,Rushing
132.0,Travaris Cadet,CAR,RB,1.0,11.0,17.0,1.5,0.0,1.0,1.0,5.0,0.0,0.0,0.0,2.2,2.2,2018.0,Rushing
133.0,De'Lance Turner,BAL,RB,4.0,1.0,4.0,4.0,0.0,2.0,2.0,17.0,0.0,0.0,0.0,0.5,2.1,2018.0,Rushing
134.0,Derrick Coleman,ARI,FB,16.0,2.0,3.0,1.5,0.0,3.0,2.0,17.0,0.0,0.0,0.0,0.1,2.0,2018.0,Rushing
135.0,CJ Prosise,SEA,RB,5.0,1.0,-3.0,-3.0,0.0,3.0,3.0,22.0,0.0,0.0,0.0,0.4,1.9,2018.0,Rushing
135.0,Justin Davis,LAR,RB,11.0,2.0,19.0,9.5,0.0,0.0,0.0,0.0,0.0,0.0,0.0,0.2,1.9,2018.0,Rushing
137.0,Jonathan Stewart,NYG,RB,3.0,6.0,17.0,2.8,0.0,0.0,0.0,0.0,0.0,0.0,0.0,0.6,1.7,2018.0,Rushing
138.0,David Fluellen,TEN,RB,7.0,4.0,16.0,4.0,0.0,0.0,0.0,0.0,0.0,0.0,0.0,0.2,1.6,2018.0,Rushing
138.0,Darius Jackson,DAL,RB,4.0,6.0,16.0,2.7,0.0,1.0,0.0,0.0,0.0,0.0,0.0,0.4,1.6,2018.0,Rushing
140.0,Nick Bellore,DET,RB,14.0,1.0,0.0,0.0,0.0,4.0,4.0,15.0,0.0,0.0,0.0,0.1,1.5,2018.0,Rushing
140.0,Brandon Wilds,JAX,RB,3.0,6.0,15.0,2.5,0.0,0.0,0.0,0.0,0.0,0.0,0.0,0.5,1.5,2018.0,Rushing
142.0,Jamaal Charles,JAX,RB,2.0,6.0,7.0,1.2,0.0,3.0,2.0,7.0,0.0,0.0,0.0,0.7,1.4,2018.0,Rushing
143.0,Jamize Olawale,DAL,FB,16.0,0.0,0.0,0.0,0.0,4.0,2.0,13.0,0.0,0.0,0.0,0.1,1.3,2018.0,Rushing
143.0,Derek Watt,LAC,FB,16.0,4.0,11.0,2.8,0.0,1.0,1.0,2.0,0.0,0.0,0.0,0.1,1.3,2018.0,Rushing
145.0,Ricky Ortiz,ATL,RB,12.0,0.0,0.0,0.0,0.0,4.0,3.0,11.0,0.0,0.0,0.0,0.1,1.1,2018.0,Rushing
146.0,Christine Michael,IND,RB,1.0,2.0,9.0,4.5,0.0,0.0,0.0,0.0,0.0,0.0,0.0,0.9,0.9,2018.0,Rushing
146.0,Ameer Abdullah,MIN,RB,10.0,1.0,1.0,1.0,0.0,4.0,3.0,28.0,0.0,1.0,1.0,0.1,0.9,2018.0,Rushing
146.0,Alan Cross,TB,FB,14.0,0.0,0.0,0.0,0.0,5.0,2.0,9.0,0.0,0.0,0.0,0.1,0.9,2018.0,Rushing
149.0,Rob Kelley,WAS,RB,2.0,4.0,8.0,2.0,0.0,0.0,0.0,0.0,0.0,0.0,0.0,0.4,0.8,2018.0,Rushing
149.0,JD McKissic,SEA,RB,5.0,3.0,8.0,2.7,0.0,1.0,0.0,0.0,0.0,0.0,0.0,0.2,0.8,2018.0,Rushing
151.0,Michael Burton,CHI,FB,8.0,0.0,0.0,0.0,0.0,1.0,1.0,6.0,0.0,0.0,0.0,0.1,0.6,2018.0,Rushing
152.0,Jeremy McNichols,IND,RB,1.0,2.0,4.0,2.0,0.0,0.0,0.0,0.0,0.0,0.0,0.0,0.4,0.4,2018.0,Rushing
153.0,Dan Vitale,GB,FB,5.0,0.0,0.0,0.0,0.0,2.0,1.0,2.0,0.0,0.0,0.0,0.0,0.2,2018.0,Rushing
154.0,Jonathan Williams,IND,RB,3.0,3.0,0.0,0.0,0.0,1.0,1.0,1.0,0.0,0.0,0.0,0.0,0.1,2018.0,Rushing
155.0,Taiwan Jones,BUF,RB,6.0,0.0,0.0,0.0,0.0,2.0,0.0,0.0,0.0,0.0,0.0,0.0,0.0,2018.0,Rushing
155.0,Senorise Perry,MIA,RB,16.0,0.0,0.0,0.0,0.0,0.0,0.0,0.0,0.0,0.0,0.0,0.0,0.0,2018.0,Rushing
155.0,Thomas Rawls,CIN,RB,1.0,0.0,0.0,0.0,0.0,0.0,0.0,0.0,0.0,0.0,0.0,0.0,0.0,2018.0,Rushing
155.0,Tra Carson,GB,RB,6.0,0.0,0.0,0.0,0.0,0.0,0.0,0.0,0.0,0.0,0.0,0.0,0.0,2018.0,Rushing
155.0,Matt Dayes,SF,RB,6.0,0.0,0.0,0.0,0.0,0.0,0.0,0.0,0.0,0.0,0.0,0.0,0.0,2018.0,Rushing
155.0,Patrick Ricard,BAL,FB,10.0,0.0,0.0,0.0,0.0,0.0,0.0,0.0,0.0,0.0,0.0,0.0,0.0,2018.0,Rushing
155.0,Shane Smith,NYG,FB,2.0,0.0,0.0,0.0,0.0,0.0,0.0,0.0,0.0,0.0,0.0,0.0,0.0,2018.0,Rushing
155.0,Trey Edmunds,PIT,RB,4.0,0.0,0.0,0.0,0.0,0.0,0.0,0.0,0.0,0.0,0.0,0.0,0.0,2018.0,Rushing
155.0,Dare Ogunbowale,TB,RB,2.0,0.0,0.0,0.0,0.0,0.0,0.0,0.0,0.0,0.0,0.0,0.0,0.0,2018.0,Rushing
155.0,Boston Scott,PHI,RB,1.0,0.0,0.0,0.0,0.0,0.0,0.0,0.0,0.0,0.0,0.0,0.0,0.0,2018.0,Rushing
155.0,Gregory Howell Jr.,HOU,RB,15.0,0.0,0.0,0.0,0.0,0.0,0.0,0.0,0.0,0.0,0.0,0.0,0.0,2018.0,Rushing
166.0,De'Angelo Henderson,NYJ,RB,1.0,2.0,19.0,9.5,0.0,0.0,0.0,0.0,0.0,1.0,1.0,-0.1,-0.1,2018.0,Rushing
167.0,Robert Turbin,IND,RB,2.0,4.0,10.0,2.5,0.0,2.0,1.0,3.0,0.0,1.0,1.0,-0.4,-0.7,2018.0,Rushing
1.0,Todd Gurley,LAR,RB,15.0,279.0,1305.0,4.7,13.0,87.0,64.0,788.0,6.0,5.0,2.0,21.3,319.3,2017.0,Rushing
2.0,Le'Veon Bell,PIT,RB,15.0,321.0,1291.0,4.0,9.0,106.0,85.0,655.0,2.0,3.0,2.0,17.1,256.6,2017.0,Rushing
3.0,Kareem Hunt,KC,RB,16.0,272.0,1327.0,4.9,8.0,63.0,53.0,455.0,3.0,1.0,1.0,15.1,242.2,2017.0,Rushing
4.0,Alvin Kamara,NO,RB,16.0,120.0,728.0,6.1,8.0,100.0,81.0,826.0,5.0,1.0,1.0,14.6,233.4,2017.0,Rushing
5.0,Melvin Gordon,LAC,RB,16.0,284.0,1105.0,3.9,8.0,83.0,58.0,476.0,4.0,1.0,0.0,14.4,230.1,2017.0,Rushing
6.0,Mark Ingram,NO,RB,16.0,230.0,1124.0,4.9,12.0,71.0,58.0,416.0,0.0,3.0,3.0,13.8,220.0,2017.0,Rushing
7.0,LeSean McCoy,BUF,RB,16.0,287.0,1138.0,4.0,6.0,77.0,59.0,448.0,2.0,3.0,1.0,12.8,204.6,2017.0,Rushing
8.0,Leonard Fournette,JAX,RB,13.0,268.0,1040.0,3.9,9.0,48.0,36.0,302.0,1.0,2.0,0.0,14.9,194.2,2017.0,Rushing
9.0,Ezekiel Elliott,DAL,RB,10.0,242.0,983.0,4.1,7.0,38.0,26.0,269.0,2.0,1.0,1.0,17.7,177.2,2017.0,Rushing
10.0,Jordan Howard,CHI,RB,16.0,276.0,1122.0,4.1,9.0,32.0,23.0,125.0,0.0,1.0,1.0,11.0,176.7,2017.0,Rushing
11.0,Carlos Hyde,SF,RB,16.0,240.0,938.0,3.9,8.0,88.0,59.0,350.0,0.0,2.0,1.0,10.9,174.8,2017.0,Rushing
12.0,Dion Lewis,NE,RB,16.0,180.0,896.0,5.0,6.0,36.0,32.0,214.0,3.0,0.0,0.0,10.3,165.0,2017.0,Rushing
13.0,Devonta Freeman,ATL,RB,14.0,196.0,865.0,4.4,7.0,47.0,36.0,317.0,1.0,4.0,1.0,11.7,164.2,2017.0,Rushing
14.0,Lamar Miller,HOU,RB,16.0,238.0,888.0,3.7,3.0,45.0,36.0,327.0,3.0,1.0,0.0,9.8,157.5,2017.0,Rushing
15.0,Christian McCaffrey,CAR,RB,16.0,117.0,435.0,3.7,2.0,113.0,80.0,651.0,5.0,2.0,1.0,9.3,148.6,2017.0,Rushing
16.0,Alex Collins,BAL,RB,15.0,212.0,973.0,4.6,6.0,36.0,23.0,187.0,0.0,4.0,2.0,9.9,148.0,2017.0,Rushing
17.0,CJ Anderson,DEN,RB,16.0,245.0,1007.0,4.1,3.0,40.0,28.0,224.0,1.0,1.0,1.0,9.2,147.1,2017.0,Rushing
18.0,Frank Gore,IND,RB,16.0,261.0,961.0,3.7,3.0,38.0,29.0,245.0,1.0,3.0,0.0,9.0,144.6,2017.0,Rushing
19.0,Marshawn Lynch,OAK,RB,15.0,207.0,891.0,4.3,7.0,31.0,20.0,151.0,0.0,1.0,1.0,9.6,144.2,2017.0,Rushing
20.0,Latavius Murray,MIN,RB,16.0,216.0,842.0,3.9,8.0,17.0,15.0,103.0,0.0,1.0,0.0,8.9,142.5,2017.0,Rushing
21.0,Duke Johnson,CLE,RB,16.0,82.0,348.0,4.2,4.0,93.0,74.0,693.0,3.0,4.0,2.0,8.9,142.1,2017.0,Rushing
22.0,Tevin Coleman,ATL,RB,15.0,156.0,628.0,4.0,5.0,39.0,27.0,299.0,3.0,1.0,0.0,9.4,140.7,2017.0,Rushing
23.0,DeMarco Murray,TEN,RB,15.0,184.0,659.0,3.6,6.0,47.0,39.0,266.0,1.0,1.0,1.0,8.8,132.5,2017.0,Rushing
24.0,Jerick McKinnon,MIN,RB,16.0,150.0,570.0,3.8,3.0,68.0,51.0,421.0,2.0,3.0,2.0,7.9,127.1,2017.0,Rushing
25.0,Derrick Henry,TEN,RB,16.0,176.0,744.0,4.2,5.0,17.0,11.0,136.0,1.0,1.0,0.0,7.8,124.0,2017.0,Rushing
26.0,Bilal Powell,NYJ,RB,15.0,178.0,772.0,4.3,5.0,33.0,23.0,170.0,0.0,1.0,1.0,8.1,122.2,2017.0,Rushing
27.0,Javorius Allen,BAL,RB,16.0,153.0,591.0,3.9,4.0,60.0,46.0,250.0,2.0,0.0,0.0,7.5,120.1,2017.0,Rushing
28.0,Orleans Darkwa,NYG,RB,15.0,171.0,751.0,4.4,5.0,28.0,19.0,116.0,0.0,1.0,0.0,7.9,118.7,2017.0,Rushing
29.0,Jamaal Williams,GB,RB,16.0,153.0,556.0,3.6,4.0,34.0,25.0,262.0,2.0,0.0,0.0,7.4,117.8,2017.0,Rushing
30.0,Isaiah Crowell,CLE,RB,16.0,206.0,853.0,4.1,2.0,42.0,28.0,182.0,0.0,1.0,1.0,7.2,115.5,2017.0,Rushing
31.0,Chris Thompson,WAS,RB,10.0,64.0,294.0,4.6,2.0,54.0,39.0,510.0,4.0,3.0,2.0,11.2,112.4,2017.0,Rushing
32.0,Joe Mixon,CIN,RB,14.0,178.0,626.0,3.5,4.0,34.0,30.0,287.0,0.0,3.0,2.0,8.0,111.3,2017.0,Rushing
33.0,Jay Ajayi,PHI,RB,14.0,208.0,873.0,4.2,1.0,34.0,24.0,158.0,1.0,3.0,2.0,7.9,111.1,2017.0,Rushing
34.0,Kenyan Drake,MIA,RB,16.0,133.0,644.0,4.8,3.0,48.0,32.0,239.0,1.0,2.0,2.0,6.9,110.3,2017.0,Rushing
35.0,Jonathan Stewart,CAR,RB,15.0,198.0,680.0,3.4,6.0,15.0,8.0,52.0,1.0,3.0,3.0,7.3,109.2,2017.0,Rushing
36.0,Giovani Bernard,CIN,RB,16.0,105.0,458.0,4.4,2.0,60.0,43.0,389.0,2.0,0.0,0.0,6.8,108.7,2017.0,Rushing
37.0,Theo Riddick,DET,RB,16.0,84.0,286.0,3.4,3.0,71.0,53.0,444.0,2.0,1.0,1.0,6.3,101.0,2017.0,Rushing
38.0,Rex Burkhead,NE,RB,10.0,64.0,264.0,4.1,5.0,36.0,30.0,254.0,3.0,1.0,0.0,10.0,99.8,2017.0,Rushing
39.0,LeGarrette Blount,PHI,RB,16.0,173.0,766.0,4.4,2.0,8.0,8.0,50.0,1.0,1.0,1.0,6.2,99.6,2017.0,Rushing
40.0,Ameer Abdullah,DET,RB,14.0,165.0,552.0,3.3,4.0,35.0,25.0,162.0,1.0,2.0,1.0,7.1,99.4,2017.0,Rushing
41.0,Tarik Cohen,CHI,RB,16.0,87.0,370.0,4.3,2.0,71.0,53.0,353.0,1.0,3.0,2.0,5.7,91.14,2017.0,Rushing
42.0,Samaje Perine,WAS,RB,16.0,175.0,603.0,3.4,1.0,24.0,22.0,182.0,1.0,2.0,2.0,5.4,86.5,2017.0,Rushing
43.0,Matt Forte,NYJ,RB,12.0,103.0,381.0,3.7,2.0,45.0,37.0,293.0,1.0,1.0,1.0,7.0,83.4,2017.0,Rushing
44.0,Matt Breida,SF,RB,16.0,105.0,465.0,4.4,2.0,36.0,21.0,180.0,1.0,1.0,0.0,5.2,82.5,2017.0,Rushing
45.0,Corey Clement,PHI,RB,16.0,74.0,321.0,4.3,4.0,15.0,10.0,123.0,2.0,0.0,0.0,5.2,82.4,2017.0,Rushing
46.0,Marlon Mack,IND,RB,14.0,93.0,358.0,3.8,3.0,33.0,21.0,225.0,1.0,1.0,0.0,5.9,82.3,2017.0,Rushing
47.0,Austin Ekeler,LAC,RB,16.0,47.0,260.0,5.5,2.0,35.0,27.0,279.0,3.0,2.0,2.0,5.0,79.9,2017.0,Rushing
48.0,James White,NE,RB,14.0,43.0,171.0,4.0,0.0,72.0,56.0,429.0,3.0,0.0,0.0,5.6,78.0,2017.0,Rushing
49.0,Rod Smith,DAL,RB,15.0,55.0,232.0,4.2,4.0,23.0,19.0,202.0,1.0,0.0,0.0,4.9,73.4,2017.0,Rushing
50.0,Aaron Jones,GB,RB,12.0,81.0,448.0,5.5,4.0,18.0,9.0,22.0,0.0,0.0,0.0,5.9,71.0,2017.0,Rushing
51.0,Wayne Gallman,NYG,RB,13.0,111.0,476.0,4.3,0.0,48.0,34.0,193.0,1.0,3.0,1.0,5.5,70.9,2017.0,Rushing
52.0,Peyton Barber,TB,RB,16.0,108.0,423.0,3.9,3.0,19.0,16.0,114.0,0.0,2.0,1.0,4.4,69.7,2017.0,Rushing
53.0,Ty Montgomery,GB,RB,8.0,71.0,273.0,3.8,3.0,31.0,23.0,173.0,1.0,0.0,0.0,8.6,68.6,2017.0,Rushing
54.0,Adrian Peterson,ARI,RB,10.0,156.0,529.0,3.4,2.0,19.0,11.0,70.0,0.0,3.0,2.0,6.8,67.9,2017.0,Rushing
55.0,Mike Gillislee,NE,RB,9.0,104.0,383.0,3.7,5.0,1.0,1.0,15.0,0.0,1.0,1.0,7.5,67.8,2017.0,Rushing
56.0,Doug Martin,TB,RB,11.0,138.0,406.0,2.9,3.0,18.0,9.0,84.0,0.0,1.0,1.0,6.1,67.0,2017.0,Rushing
57.0,Alfred Morris,DAL,RB,14.0,115.0,547.0,4.8,1.0,9.0,7.0,45.0,0.0,0.0,0.0,4.7,65.2,2017.0,Rushing
58.0,Chris Ivory,JAX,RB,14.0,112.0,382.0,3.4,1.0,28.0,21.0,175.0,1.0,2.0,2.0,4.6,63.7,2017.0,Rushing
59.0,JD McKissic,SEA,RB,13.0,46.0,187.0,4.1,1.0,46.0,34.0,266.0,2.0,0.0,0.0,4.9,63.3,2017.0,Rushing
60.0,Devontae Booker,DEN,RB,13.0,79.0,299.0,3.8,1.0,38.0,30.0,275.0,0.0,1.0,1.0,4.7,61.4,2017.0,Rushing
61.0,Elijah McGuire,NYJ,RB,16.0,88.0,315.0,3.6,1.0,26.0,17.0,177.0,1.0,2.0,2.0,3.7,59.2,2017.0,Rushing
62.0,Jalen Richard,OAK,RB,16.0,56.0,275.0,4.9,1.0,36.0,27.0,256.0,1.0,8.0,3.0,3.7,59.1,2017.0,Rushing
63.0,Kerwynn Williams,ARI,RB,16.0,120.0,426.0,3.6,1.0,15.0,10.0,93.0,0.0,0.0,0.0,3.6,57.9,2017.0,Rushing
64.0,TJ Yeldon,JAX,RB,10.0,49.0,253.0,5.2,2.0,41.0,30.0,224.0,0.0,2.0,1.0,5.8,57.7,2017.0,Rushing
65.0,Dalvin Cook,MIN,RB,4.0,74.0,354.0,4.8,2.0,16.0,11.0,90.0,0.0,1.0,1.0,13.6,54.4,2017.0,Rushing
66.0,Deandre Washington,OAK,RB,15.0,57.0,153.0,2.7,2.0,45.0,34.0,197.0,1.0,2.0,1.0,3.4,51.0,2017.0,Rushing
66.0,D'Onta Foreman,HOU,RB,10.0,78.0,327.0,4.2,2.0,8.0,6.0,83.0,0.0,2.0,1.0,5.1,51.0,2017.0,Rushing
68.0,Andre Ellington,HOU,RB,12.0,20.0,55.0,2.8,1.0,59.0,39.0,369.0,0.0,0.0,0.0,4.0,48.4,2017.0,Rushing
69.0,Charcandrick West,KC,RB,13.0,18.0,72.0,4.0,2.0,34.0,27.0,150.0,2.0,1.0,0.0,3.6,46.2,2017.0,Rushing
70.0,Jamaal Charles,DEN,RB,14.0,69.0,296.0,4.3,1.0,28.0,23.0,129.0,0.0,2.0,2.0,3.2,44.5,2017.0,Rushing
71.0,Shane Vereen,NYG,RB,16.0,45.0,164.0,3.6,0.0,53.0,44.0,253.0,0.0,0.0,0.0,2.5,39.7,2017.0,Rushing
72.0,Damien Williams,MIA,RB,11.0,46.0,181.0,3.9,0.0,28.0,20.0,155.0,1.0,0.0,0.0,3.6,39.6,2017.0,Rushing
73.0,Rob Kelley,WAS,RB,7.0,62.0,194.0,3.1,3.0,7.0,4.0,18.0,0.0,0.0,0.0,5.6,39.2,2017.0,Rushing
74.0,Corey Grant,JAX,RB,16.0,30.0,248.0,8.3,2.0,4.0,3.0,41.0,0.0,1.0,1.0,2.4,38.9,2017.0,Rushing
75.0,Charles Sims,TB,RB,16.0,21.0,95.0,4.5,0.0,47.0,35.0,249.0,1.0,1.0,1.0,2.4,38.4,2017.0,Rushing
76.0,Jacquizz Rodgers,TB,RB,16.0,64.0,244.0,3.8,1.0,11.0,9.0,74.0,0.0,0.0,0.0,2.4,37.8,2017.0,Rushing
77.0,Alfred Blue,HOU,RB,11.0,71.0,262.0,3.7,1.0,9.0,7.0,54.0,0.0,0.0,0.0,3.4,37.6,2017.0,Rushing
78.0,Mike Davis,SEA,RB,6.0,68.0,240.0,3.5,0.0,18.0,15.0,131.0,0.0,0.0,0.0,6.2,37.1,2017.0,Rushing
79.0,Benjamin Cunningham,CHI,RB,14.0,9.0,29.0,3.2,0.0,26.0,20.0,240.0,2.0,1.0,1.0,2.6,36.9,2017.0,Rushing
80.0,Kyle Juszczyk,SF,FB,14.0,7.0,31.0,4.4,0.0,42.0,33.0,315.0,1.0,2.0,2.0,2.6,36.6,2017.0,Rushing
81.0,Mike Tolbert,BUF,FB,12.0,66.0,247.0,3.7,1.0,17.0,14.0,78.0,0.0,2.0,1.0,3.0,36.5,2017.0,Rushing
82.0,Malcolm Brown,LAR,RB,11.0,63.0,246.0,3.9,1.0,11.0,9.0,53.0,0.0,1.0,0.0,3.3,35.9,2017.0,Rushing
83.0,Wendell Smallwood,PHI,RB,8.0,47.0,174.0,3.7,1.0,18.0,13.0,103.0,0.0,0.0,0.0,4.2,33.7,2017.0,Rushing
84.0,Chris Carson,SEA,RB,4.0,49.0,208.0,4.2,0.0,8.0,7.0,59.0,1.0,0.0,0.0,8.2,32.7,2017.0,Rushing
85.0,Tion Green,DET,RB,5.0,42.0,165.0,3.9,2.0,2.0,2.0,14.0,0.0,0.0,0.0,6.0,29.9,2017.0,Rushing
86.0,Elijhaa Penny,ARI,RB,16.0,31.0,124.0,4.0,2.0,6.0,4.0,38.0,0.0,0.0,0.0,1.8,28.2,2017.0,Rushing
87.0,Kapri Bibbs,WAS,RB,3.0,21.0,79.0,3.8,0.0,17.0,14.0,128.0,1.0,0.0,0.0,8.9,26.7,2017.0,Rushing
88.0,Terrance West,BAL,RB,5.0,39.0,138.0,3.5,2.0,4.0,2.0,23.0,0.0,1.0,1.0,5.2,26.1,2017.0,Rushing
89.0,Danny Woodhead,BAL,RB,8.0,14.0,56.0,4.0,0.0,39.0,33.0,200.0,0.0,0.0,0.0,3.2,25.6,2017.0,Rushing
90.0,Thomas Rawls,SEA,RB,12.0,58.0,157.0,2.7,0.0,13.0,9.0,94.0,0.0,1.0,1.0,1.9,23.1,2017.0,Rushing
91.0,Tommy Bohanon,JAX,FB,16.0,5.0,5.0,1.0,2.0,11.0,6.0,43.0,1.0,0.0,0.0,1.4,22.8,2017.0,Rushing
92.0,Eddie Lacy,SEA,RB,9.0,69.0,179.0,2.6,0.0,6.0,6.0,47.0,0.0,0.0,0.0,2.5,22.6,2017.0,Rushing
93.0,Travaris Cadet,BUF,RB,9.0,23.0,96.0,4.2,0.0,19.0,16.0,119.0,0.0,0.0,0.0,2.4,21.5,2017.0,Rushing
94.0,Patrick Ricard,BAL,FB,16.0,0.0,0.0,0.0,0.0,4.0,4.0,12.0,2.0,0.0,0.0,1.2,19.2,2017.0,Rushing
95.0,Kenjon Barner,PHI,RB,13.0,16.0,57.0,3.6,1.0,8.0,5.0,56.0,0.0,3.0,0.0,1.3,17.3,2017.0,Rushing
96.0,Robert Turbin,IND,RB,6.0,23.0,53.0,2.3,1.0,11.0,9.0,56.0,0.0,0.0,0.0,2.8,16.9,2017.0,Rushing
97.0,Stevan Ridley,PIT,RB,2.0,26.0,108.0,4.2,1.0,0.0,0.0,0.0,0.0,0.0,0.0,8.4,16.8,2017.0,Rushing
98.0,Nick Bellore,DET,RB,13.0,0.0,0.0,0.0,0.0,1.0,1.0,1.0,1.0,0.0,0.0,1.3,16.6,2017.0,Rushing
99.0,Chris Johnson,ARI,RB,4.0,45.0,114.0,2.5,0.0,6.0,5.0,43.0,0.0,0.0,0.0,3.9,15.7,2017.0,Rushing
99.0,Cameron Artis-Payne,CAR,RB,13.0,18.0,95.0,5.3,1.0,1.0,1.0,2.0,0.0,0.0,0.0,1.2,15.7,2017.0,Rushing
101.0,DJ Foster,ARI,RB,7.0,6.0,19.0,3.2,0.0,28.0,17.0,133.0,0.0,0.0,0.0,2.2,15.2,2017.0,Rushing
102.0,Anthony Sherman,KC,FB,16.0,14.0,40.0,2.9,1.0,8.0,6.0,47.0,0.0,0.0,0.0,0.9,14.7,2017.0,Rushing
103.0,James Conner,PIT,RB,14.0,32.0,144.0,4.5,0.0,1.0,0.0,0.0,0.0,0.0,0.0,1.0,14.4,2017.0,Rushing
104.0,CJ Ham,MIN,RB,16.0,7.0,13.0,1.9,1.0,8.0,7.0,68.0,0.0,0.0,0.0,0.9,14.1,2017.0,Rushing
105.0,Jamize Olawale,OAK,FB,12.0,9.0,43.0,4.8,1.0,7.0,6.0,33.0,0.0,1.0,0.0,1.1,13.6,2017.0,Rushing
105.0,Paul Perkins,NYG,RB,11.0,41.0,90.0,2.2,0.0,10.0,8.0,46.0,0.0,0.0,0.0,1.2,13.6,2017.0,Rushing
107.0,Jeremy Hill,CIN,RB,7.0,37.0,116.0,3.1,0.0,5.0,4.0,16.0,0.0,1.0,0.0,1.9,13.2,2017.0,Rushing
108.0,Roosevelt Nix,PIT,RB,16.0,3.0,0.0,0.0,1.0,3.0,2.0,6.0,1.0,0.0,0.0,0.8,12.6,2017.0,Rushing
109.0,Fozzy Whittaker,CAR,RB,12.0,7.0,18.0,2.6,0.0,6.0,5.0,47.0,1.0,0.0,0.0,1.0,12.5,2017.0,Rushing
110.0,Terron Ward,ATL,RB,14.0,30.0,129.0,4.3,0.0,3.0,3.0,14.0,0.0,1.0,1.0,0.9,12.3,2017.0,Rushing
111.0,Darren Sproles,PHI,RB,3.0,15.0,61.0,4.1,0.0,12.0,7.0,73.0,0.0,1.0,1.0,3.8,11.4,2017.0,Rushing
112.0,Lance Dunbar,LAR,RB,4.0,11.0,51.0,4.6,1.0,3.0,1.0,1.0,0.0,0.0,0.0,2.8,11.2,2017.0,Rushing
113.0,CJ Prosise,SEA,RB,5.0,11.0,23.0,2.1,0.0,11.0,6.0,87.0,0.0,0.0,0.0,2.2,11.0,2017.0,Rushing
114.0,Branden Oliver,LAC,RB,8.0,35.0,83.0,2.4,0.0,11.0,6.0,26.0,0.0,0.0,0.0,1.4,10.9,2017.0,Rushing
114.0,De'Angelo Henderson,DEN,RB,5.0,7.0,13.0,1.9,0.0,2.0,2.0,36.0,1.0,0.0,0.0,2.2,10.9,2017.0,Rushing
116.0,Trey Edmunds,NO,RB,16.0,9.0,48.0,5.3,1.0,0.0,0.0,0.0,0.0,0.0,0.0,0.7,10.8,2017.0,Rushing
117.0,Andy Janovich,DEN,FB,16.0,6.0,12.0,2.0,1.0,6.0,4.0,35.0,0.0,0.0,0.0,0.7,10.7,2017.0,Rushing
118.0,Zach Line,NO,FB,12.0,7.0,28.0,4.0,0.0,5.0,2.0,8.0,1.0,0.0,0.0,0.8,9.6,2017.0,Rushing
119.0,Zach Zenner,DET,RB,8.0,14.0,26.0,1.9,1.0,1.0,0.0,0.0,0.0,0.0,0.0,1.1,8.6,2017.0,Rushing
120.0,Brandon Bolden,NE,RB,16.0,13.0,67.0,5.2,0.0,4.0,1.0,7.0,0.0,0.0,0.0,0.5,7.4,2017.0,Rushing
121.0,Brian Hill,CIN,RB,7.0,11.0,37.0,3.4,0.0,2.0,2.0,36.0,0.0,0.0,0.0,1.0,7.3,2017.0,Rushing
122.0,David Johnson,ARI,RB,1.0,11.0,23.0,2.1,0.0,9.0,6.0,67.0,0.0,2.0,1.0,7.0,7.0,2017.0,Rushing
123.0,Byron Marshall,WAS,RB,4.0,9.0,32.0,3.6,0.0,8.0,6.0,36.0,0.0,0.0,0.0,1.7,6.8,2017.0,Rushing
124.0,Tre Madden,SEA,RB,8.0,0.0,0.0,0.0,0.0,2.0,2.0,65.0,0.0,0.0,0.0,0.8,6.5,2017.0,Rushing
125.0,Jalston Fowler,TEN,RB,10.0,2.0,4.0,2.0,1.0,1.0,0.0,0.0,0.0,0.0,0.0,0.6,6.4,2017.0,Rushing
126.0,Derek Watt,LAC,FB,16.0,6.0,24.0,4.0,0.0,3.0,2.0,35.0,0.0,0.0,0.0,0.4,5.9,2017.0,Rushing
127.0,Dwayne Washington,DET,RB,5.0,20.0,44.0,2.2,0.0,2.0,2.0,14.0,0.0,0.0,0.0,1.2,5.8,2017.0,Rushing
127.0,Alan Cross,TB,FB,8.0,0.0,0.0,0.0,0.0,6.0,5.0,58.0,0.0,0.0,0.0,0.7,5.8,2017.0,Rushing
129.0,Akeem Hunt,KC,RB,15.0,8.0,23.0,2.9,0.0,7.0,4.0,31.0,0.0,0.0,0.0,0.4,5.4,2017.0,Rushing
130.0,Aaron Ripkowski,GB,FB,16.0,5.0,13.0,2.6,0.0,10.0,7.0,39.0,0.0,0.0,0.0,0.3,5.2,2017.0,Rushing
131.0,Tyler Ervin,HOU,RB,4.0,4.0,12.0,3.0,0.0,11.0,8.0,38.0,0.0,0.0,0.0,1.2,5.0,2017.0,Rushing
132.0,Marcus Murphy,BUF,RB,1.0,7.0,41.0,5.9,0.0,2.0,2.0,7.0,0.0,0.0,0.0,4.8,4.8,2017.0,Rushing
133.0,Lawrence Thomas,NYJ,RB,14.0,2.0,1.0,0.5,0.0,7.0,6.0,43.0,0.0,0.0,0.0,0.3,4.4,2017.0,Rushing
134.0,Matt Dayes,CLE,RB,16.0,5.0,13.0,2.6,0.0,5.0,4.0,29.0,0.0,0.0,0.0,0.3,4.2,2017.0,Rushing
135.0,Mack Brown,MIN,RB,4.0,8.0,29.0,3.6,0.0,1.0,1.0,11.0,0.0,0.0,0.0,1.0,4.0,2017.0,Rushing
136.0,James Develin,NE,RB,16.0,0.0,0.0,0.0,0.0,10.0,6.0,38.0,0.0,0.0,0.0,0.2,3.8,2017.0,Rushing
137.0,Fitzgerald Toussaint,PIT,RB,6.0,6.0,25.0,4.2,0.0,3.0,2.0,9.0,0.0,0.0,0.0,0.6,3.4,2017.0,Rushing
138.0,Senorise Perry,MIA,RB,16.0,8.0,30.0,3.8,0.0,1.0,1.0,3.0,0.0,0.0,0.0,0.2,3.3,2017.0,Rushing
139.0,Jay Prosch,HOU,FB,16.0,0.0,0.0,0.0,0.0,4.0,4.0,31.0,0.0,0.0,0.0,0.2,3.1,2017.0,Rushing
140.0,Derrick Coleman,ATL,FB,16.0,2.0,8.0,4.0,0.0,7.0,2.0,20.0,0.0,0.0,0.0,0.2,2.8,2017.0,Rushing
141.0,De'Veon Smith,MIA,RB,5.0,0.0,0.0,0.0,0.0,3.0,3.0,27.0,0.0,0.0,0.0,0.5,2.7,2017.0,Rushing
142.0,Patrick DiMarco,BUF,FB,16.0,2.0,-2.0,-1.0,0.0,10.0,7.0,28.0,0.0,0.0,0.0,0.2,2.6,2017.0,Rushing
142.0,Keith Smith,DAL,FB,16.0,0.0,0.0,0.0,0.0,5.0,5.0,26.0,0.0,0.0,0.0,0.2,2.6,2017.0,Rushing
144.0,Andre Williams,LAC,RB,8.0,9.0,25.0,2.8,0.0,0.0,0.0,0.0,0.0,0.0,0.0,0.3,2.5,2017.0,Rushing
145.0,David Fluellen,TEN,RB,16.0,4.0,21.0,5.2,0.0,1.0,0.0,0.0,0.0,0.0,0.0,0.1,2.1,2017.0,Rushing
145.0,Josh Ferguson,IND,RB,10.0,1.0,5.0,5.0,0.0,4.0,3.0,16.0,0.0,0.0,0.0,0.2,2.1,2017.0,Rushing
147.0,Bobby Rainey,BAL,RB,4.0,1.0,2.0,2.0,0.0,7.0,5.0,18.0,0.0,0.0,0.0,0.5,2.0,2017.0,Rushing
148.0,Dan Vitale,CLE,FB,15.0,0.0,0.0,0.0,0.0,5.0,3.0,19.0,0.0,0.0,0.0,0.1,1.9,2017.0,Rushing
149.0,Michael Burton,CHI,FB,16.0,4.0,9.0,2.2,0.0,4.0,2.0,8.0,0.0,0.0,0.0,0.1,1.7,2017.0,Rushing
150.0,Matt Jones,IND,RB,5.0,5.0,14.0,2.8,0.0,0.0,0.0,0.0,0.0,0.0,0.0,0.3,1.4,2017.0,Rushing
150.0,Leshun Daniels Jr.,WAS,RB,4.0,3.0,14.0,4.7,0.0,0.0,0.0,0.0,0.0,0.0,0.0,0.4,1.4,2017.0,Rushing
152.0,Taiwan Jones,BUF,RB,8.0,0.0,0.0,0.0,0.0,2.0,1.0,11.0,0.0,0.0,0.0,0.1,1.1,2017.0,Rushing
153.0,Raheem Mostert,SF,RB,11.0,6.0,30.0,5.0,0.0,0.0,0.0,0.0,0.0,1.0,1.0,0.1,1.0,2017.0,Rushing
154.0,Terrell Watson,PIT,RB,10.0,5.0,8.0,1.6,0.0,0.0,0.0,0.0,0.0,0.0,0.0,0.1,0.8,2017.0,Rushing
155.0,Joe Kerridge,GB,FB,4.0,0.0,0.0,0.0,0.0,1.0,1.0,3.0,0.0,0.0,0.0,0.1,0.3,2017.0,Rushing
156.0,John Kuhn,NO,FB,2.0,1.0,2.0,2.0,0.0,0.0,0.0,0.0,0.0,0.0,0.0,0.1,0.2,2017.0,Rushing
157.0,Justin Davis,LAR,RB,4.0,1.0,1.0,1.0,0.0,0.0,0.0,0.0,0.0,0.0,0.0,0.0,0.1,2017.0,Rushing
158.0,CJ Spiller,KC,RB,1.0,2.0,0.0,0.0,0.0,2.0,0.0,0.0,0.0,0.0,0.0,0.0,0.0,2017.0,Rushing
158.0,Jordan Todman,HOU,RB,14.0,0.0,0.0,0.0,0.0,0.0,0.0,0.0,0.0,0.0,0.0,0.0,0.0,2017.0,Rushing
158.0,Joe Banyard,BUF,RB,3.0,0.0,0.0,0.0,0.0,0.0,0.0,0.0,0.0,0.0,0.0,0.0,0.0,2017.0,Rushing
158.0,Terrence Magee,ATL,RB,2.0,0.0,0.0,0.0,0.0,0.0,0.0,0.0,0.0,0.0,0.0,0.0,0.0,2017.0,Rushing
158.0,Daniel Lasco,NO,RB,3.0,0.0,0.0,0.0,0.0,0.0,0.0,0.0,0.0,0.0,0.0,0.0,0.0,2017.0,Rushing
158.0,Taniela Tupou,ATL,FB,1.0,0.0,0.0,0.0,0.0,0.0,0.0,0.0,0.0,0.0,0.0,0.0,0.0,2017.0,Rushing
158.0,Jeremy McNichols,SF,RB,2.0,0.0,0.0,0.0,0.0,0.0,0.0,0.0,0.0,0.0,0.0,0.0,0.0,2017.0,Rushing
158.0,Alex Armah,CAR,RB,9.0,0.0,0.0,0.0,0.0,0.0,0.0,0.0,0.0,0.0,0.0,0.0,0.0,2017.0,Rushing
158.0,Marquez Williams,CLE,FB,1.0,0.0,0.0,0.0,0.0,1.0,0.0,0.0,0.0,0.0,0.0,0.0,0.0,2017.0,Rushing
158.0,Elijah Hood,OAK,RB,1.0,0.0,0.0,0.0,0.0,0.0,0.0,0.0,0.0,0.0,0.0,0.0,0.0,2017.0,Rushing
158.0,Taquan Mizzell,CHI,RB,3.0,0.0,0.0,0.0,0.0,0.0,0.0,0.0,0.0,0.0,0.0,0.0,0.0,2017.0,Rushing
158.0,Jarveon Williams,CIN,RB,1.0,0.0,0.0,0.0,0.0,0.0,0.0,0.0,0.0,0.0,0.0,0.0,0.0,2017.0,Rushing
158.0,Shane Smith,NYG,FB,11.0,0.0,0.0,0.0,0.0,0.0,0.0,0.0,0.0,0.0,0.0,0.0,0.0,2017.0,Rushing
158.0,Dare Ogunbowale,WAS,RB,2.0,0.0,0.0,0.0,0.0,0.0,0.0,0.0,0.0,0.0,0.0,0.0,0.0,2017.0,Rushing
172.0,Darren McFadden,DAL,RB,1.0,1.0,-2.0,-2.0,0.0,0.0,0.0,0.0,0.0,0.0,0.0,-0.2,-0.2,2017.0,Rushing
172.0,Bronson Hill,ARI,RB,2.0,1.0,-2.0,-2.0,0.0,0.0,0.0,0.0,0.0,0.0,0.0,-0.1,-0.2,2017.0,Rushing
174.0,Devante Mays,GB,RB,8.0,4.0,1.0,0.2,0.0,3.0,3.0,0.0,0.0,2.0,1.0,-0.2,-1.9,2017.0,Rushing
1.0,David Johnson,ARI,RB,16.0,293.0,1239.0,4.2,16.0,120.0,80.0,879.0,4.0,5.0,3.0,20.5,327.8,2016.0,Rushing
2.0,Ezekiel Elliott,DAL,RB,15.0,322.0,1631.0,5.1,15.0,40.0,32.0,363.0,1.0,5.0,1.0,19.6,293.4,2016.0,Rushing
3.0,LeSean McCoy,BUF,RB,15.0,234.0,1267.0,5.4,13.0,58.0,51.0,356.0,1.0,3.0,0.0,16.6,248.3,2016.0,Rushing
4.0,Le'Veon Bell,PIT,RB,12.0,261.0,1268.0,4.9,7.0,94.0,75.0,616.0,2.0,4.0,1.0,20.2,242.4,2016.0,Rushing
5.0,DeMarco Murray,TEN,RB,16.0,293.0,1287.0,4.4,9.0,67.0,53.0,377.0,3.0,3.0,1.0,15.0,240.8,2016.0,Rushing
6.0,Devonta Freeman,ATL,RB,16.0,227.0,1079.0,4.8,11.0,65.0,54.0,462.0,2.0,1.0,1.0,14.4,230.1,2016.0,Rushing
7.0,LeGarrette Blount,NE,RB,16.0,299.0,1161.0,3.9,18.0,8.0,7.0,38.0,0.0,2.0,1.0,14.1,225.9,2016.0,Rushing
8.0,Melvin Gordon,LAC,RB,13.0,254.0,997.0,3.9,10.0,57.0,41.0,419.0,2.0,2.0,2.0,16.1,209.6,2016.0,Rushing
9.0,Jordan Howard,CHI,RB,15.0,252.0,1313.0,5.2,6.0,50.0,29.0,298.0,1.0,2.0,1.0,13.4,201.1,2016.0,Rushing
10.0,Mark Ingram,NO,RB,16.0,205.0,1043.0,5.1,6.0,58.0,46.0,319.0,4.0,2.0,2.0,12.3,196.2,2016.0,Rushing
11.0,Jay Ajayi,MIA,RB,15.0,260.0,1272.0,4.9,8.0,35.0,27.0,151.0,0.0,4.0,1.0,12.6,188.3,2016.0,Rushing
12.0,Frank Gore,IND,RB,16.0,263.0,1026.0,3.9,4.0,47.0,38.0,277.0,4.0,2.0,1.0,11.0,176.3,2016.0,Rushing
13.0,Latavius Murray,OAK,RB,14.0,195.0,788.0,4.0,12.0,43.0,33.0,264.0,0.0,2.0,1.0,12.5,175.2,2016.0,Rushing
14.0,Isaiah Crowell,CLE,RB,16.0,198.0,952.0,4.8,7.0,53.0,40.0,319.0,0.0,2.0,2.0,10.3,165.1,2016.0,Rushing
14.0,Carlos Hyde,SF,RB,13.0,217.0,988.0,4.6,6.0,33.0,27.0,163.0,3.0,5.0,3.0,12.7,165.1,2016.0,Rushing
16.0,Spencer Ware,KC,RB,14.0,214.0,922.0,4.3,3.0,42.0,33.0,447.0,2.0,4.0,3.0,11.5,160.9,2016.0,Rushing
17.0,Lamar Miller,HOU,RB,14.0,268.0,1073.0,4.0,5.0,39.0,31.0,188.0,1.0,2.0,1.0,11.4,160.1,2016.0,Rushing
17.0,Tevin Coleman,ATL,RB,13.0,118.0,520.0,4.4,8.0,40.0,31.0,421.0,3.0,1.0,0.0,12.3,160.1,2016.0,Rushing
19.0,Jeremy Hill,CIN,RB,15.0,222.0,839.0,3.8,9.0,27.0,21.0,174.0,0.0,0.0,0.0,10.4,155.3,2016.0,Rushing
20.0,Todd Gurley,LAR,RB,16.0,278.0,885.0,3.2,6.0,58.0,43.0,327.0,0.0,2.0,1.0,9.7,155.2,2016.0,Rushing
21.0,Matt Forte,NYJ,RB,14.0,218.0,813.0,3.7,7.0,43.0,30.0,263.0,1.0,1.0,1.0,11.0,153.6,2016.0,Rushing
22.0,Bilal Powell,NYJ,RB,16.0,131.0,722.0,5.5,3.0,74.0,58.0,388.0,2.0,1.0,1.0,8.7,139.0,2016.0,Rushing
23.0,Jonathan Stewart,CAR,RB,13.0,218.0,824.0,3.8,9.0,21.0,8.0,60.0,0.0,3.0,2.0,10.6,138.4,2016.0,Rushing
24.0,Terrance West,BAL,RB,16.0,193.0,774.0,4.0,5.0,45.0,34.0,236.0,1.0,2.0,0.0,8.6,137.0,2016.0,Rushing
25.0,Ryan Mathews,PHI,RB,13.0,155.0,661.0,4.3,8.0,14.0,13.0,115.0,1.0,3.0,2.0,10.1,131.6,2016.0,Rushing
26.0,Rob Kelley,WAS,RB,15.0,168.0,704.0,4.2,6.0,18.0,12.0,82.0,1.0,0.0,0.0,8.0,120.6,2016.0,Rushing
27.0,Mike Gillislee,BUF,RB,15.0,101.0,576.0,5.7,8.0,11.0,9.0,50.0,1.0,1.0,0.0,7.8,116.6,2016.0,Rushing
28.0,Christine Michael,GB,RB,15.0,148.0,583.0,3.9,7.0,29.0,22.0,107.0,1.0,2.0,1.0,7.7,115.0,2016.0,Rushing
29.0,Devontae Booker,DEN,RB,16.0,174.0,612.0,3.5,4.0,46.0,31.0,265.0,1.0,4.0,3.0,7.0,111.7,2016.0,Rushing
30.0,Darren Sproles,PHI,RB,15.0,94.0,438.0,4.7,2.0,71.0,52.0,427.0,2.0,1.0,0.0,7.4,110.5,2016.0,Rushing
31.0,Theo Riddick,DET,RB,10.0,92.0,357.0,3.9,1.0,67.0,53.0,371.0,5.0,0.0,0.0,10.9,108.8,2016.0,Rushing
32.0,Jerick McKinnon,MIN,RB,15.0,159.0,539.0,3.4,2.0,53.0,43.0,255.0,2.0,0.0,0.0,7.0,105.4,2016.0,Rushing
33.0,Tim Hightower,NO,RB,16.0,133.0,548.0,4.1,4.0,26.0,22.0,200.0,1.0,0.0,0.0,6.6,104.8,2016.0,Rushing
34.0,Rashad Jennings,NYG,RB,13.0,181.0,593.0,3.3,3.0,42.0,35.0,201.0,1.0,1.0,0.0,8.0,103.4,2016.0,Rushing
35.0,James White,NE,RB,16.0,39.0,166.0,4.3,0.0,86.0,60.0,551.0,5.0,0.0,0.0,6.4,101.7,2016.0,Rushing
36.0,Matt Asiata,MIN,RB,16.0,121.0,402.0,3.3,6.0,38.0,32.0,263.0,0.0,1.0,1.0,6.3,100.5,2016.0,Rushing
37.0,Chris Thompson,WAS,RB,16.0,68.0,356.0,5.2,3.0,62.0,49.0,349.0,2.0,2.0,1.0,6.2,98.5,2016.0,Rushing
38.0,Ty Montgomery,GB,RB,15.0,77.0,457.0,5.9,3.0,56.0,44.0,348.0,0.0,2.0,1.0,6.4,96.5,2016.0,Rushing
39.0,Derrick Henry,TEN,RB,15.0,110.0,490.0,4.5,5.0,15.0,13.0,137.0,0.0,0.0,0.0,6.2,92.7,2016.0,Rushing
40.0,Nick Bellore,SF,RB,14.0,0.0,0.0,0.0,0.0,0.0,0.0,0.0,0.0,0.0,0.0,6.5,91.55,2016.0,Rushing
41.0,Duke Johnson,CLE,RB,16.0,73.0,358.0,4.9,1.0,74.0,53.0,514.0,0.0,2.0,1.0,5.7,91.2,2016.0,Rushing
42.0,TJ Yeldon,JAX,RB,15.0,130.0,465.0,3.6,1.0,68.0,50.0,312.0,1.0,2.0,1.0,5.8,87.7,2016.0,Rushing
43.0,Jalen Richard,OAK,RB,16.0,83.0,492.0,5.9,1.0,39.0,29.0,194.0,2.0,0.0,0.0,5.4,86.6,2016.0,Rushing
44.0,CJ Anderson,DEN,RB,7.0,110.0,437.0,4.0,4.0,24.0,16.0,128.0,1.0,0.0,0.0,12.4,86.5,2016.0,Rushing
45.0,Giovani Bernard,CIN,RB,10.0,91.0,337.0,3.7,2.0,51.0,39.0,336.0,1.0,1.0,1.0,8.3,83.3,2016.0,Rushing
46.0,Robert Turbin,IND,RB,15.0,47.0,164.0,3.5,7.0,35.0,26.0,179.0,1.0,0.0,0.0,5.5,82.3,2016.0,Rushing
47.0,DeAngelo Williams,PIT,RB,9.0,98.0,343.0,3.5,4.0,27.0,18.0,118.0,2.0,0.0,0.0,9.1,82.1,2016.0,Rushing
48.0,Shaun Draughn,SF,RB,16.0,74.0,196.0,2.6,4.0,39.0,29.0,263.0,2.0,1.0,1.0,5.0,79.9,2016.0,Rushing
49.0,Jacquizz Rodgers,TB,RB,10.0,129.0,560.0,4.3,2.0,16.0,13.0,98.0,0.0,0.0,0.0,7.8,77.8,2016.0,Rushing
50.0,Zach Zenner,DET,RB,14.0,88.0,334.0,3.8,4.0,23.0,18.0,196.0,0.0,1.0,1.0,5.4,75.0,2016.0,Rushing
51.0,Chris Ivory,JAX,RB,11.0,117.0,439.0,3.8,3.0,28.0,20.0,186.0,0.0,6.0,3.0,6.8,74.5,2016.0,Rushing
52.0,Kenneth Dixon,BAL,RB,12.0,88.0,382.0,4.3,2.0,41.0,30.0,162.0,1.0,1.0,0.0,6.0,72.4,2016.0,Rushing
53.0,Doug Martin,TB,RB,8.0,144.0,421.0,2.9,3.0,16.0,14.0,134.0,0.0,1.0,1.0,8.9,71.5,2016.0,Rushing
54.0,Damien Williams,MIA,RB,15.0,35.0,115.0,3.3,3.0,31.0,23.0,249.0,3.0,1.0,1.0,4.7,70.4,2016.0,Rushing
55.0,Deandre Washington,OAK,RB,14.0,87.0,467.0,5.4,2.0,23.0,17.0,115.0,0.0,1.0,1.0,4.9,68.2,2016.0,Rushing
56.0,Matt Jones,WAS,RB,7.0,99.0,460.0,4.6,3.0,8.0,8.0,73.0,0.0,3.0,2.0,9.6,67.3,2016.0,Rushing
57.0,Charcandrick West,KC,RB,15.0,88.0,293.0,3.3,1.0,34.0,28.0,188.0,2.0,0.0,0.0,4.4,66.1,2016.0,Rushing
58.0,Thomas Rawls,SEA,RB,9.0,109.0,349.0,3.2,3.0,17.0,13.0,96.0,0.0,0.0,0.0,6.9,62.5,2016.0,Rushing
59.0,Paul Perkins,NYG,RB,14.0,112.0,456.0,4.1,0.0,24.0,15.0,162.0,0.0,1.0,0.0,4.4,61.8,2016.0,Rushing
60.0,Rex Burkhead,CIN,RB,16.0,74.0,344.0,4.6,2.0,20.0,17.0,145.0,0.0,1.0,1.0,3.7,58.9,2016.0,Rushing
61.0,Jeremy Langford,CHI,RB,12.0,62.0,200.0,3.2,4.0,27.0,19.0,142.0,0.0,2.0,2.0,4.5,54.2,2016.0,Rushing
62.0,Travaris Cadet,NO,RB,15.0,4.0,19.0,4.8,0.0,54.0,40.0,281.0,4.0,0.0,0.0,3.6,54.0,2016.0,Rushing
63.0,Alfred Blue,HOU,RB,14.0,100.0,420.0,4.2,1.0,16.0,12.0,40.0,0.0,2.0,1.0,3.6,50.0,2016.0,Rushing
64.0,Fozzy Whittaker,CAR,RB,16.0,57.0,265.0,4.6,0.0,33.0,25.0,226.0,0.0,1.0,1.0,2.9,47.1,2016.0,Rushing
65.0,Jamize Olawale,OAK,FB,16.0,17.0,47.0,2.8,2.0,14.0,12.0,227.0,1.0,0.0,0.0,2.8,45.4,2016.0,Rushing
66.0,CJ Prosise,SEA,RB,6.0,30.0,172.0,5.7,1.0,19.0,17.0,208.0,0.0,0.0,0.0,7.3,44.0,2016.0,Rushing
67.0,Charles Sims,TB,RB,7.0,51.0,149.0,2.9,1.0,32.0,24.0,190.0,1.0,1.0,1.0,6.3,43.9,2016.0,Rushing
68.0,Justin Forsett,DEN,RB,9.0,87.0,291.0,3.3,1.0,27.0,20.0,85.0,0.0,2.0,1.0,4.6,41.6,2016.0,Rushing
69.0,John Kuhn,NO,FB,16.0,18.0,37.0,2.1,4.0,20.0,16.0,70.0,1.0,0.0,0.0,2.5,40.7,2016.0,Rushing
69.0,Wendell Smallwood,PHI,RB,13.0,77.0,312.0,4.1,1.0,13.0,6.0,55.0,0.0,1.0,1.0,3.1,40.7,2016.0,Rushing
71.0,James Starks,GB,RB,9.0,63.0,145.0,2.3,0.0,25.0,19.0,134.0,2.0,1.0,0.0,4.4,39.9,2016.0,Rushing
72.0,Eddie Lacy,GB,RB,5.0,71.0,360.0,5.1,0.0,7.0,4.0,28.0,0.0,0.0,0.0,7.8,38.8,2016.0,Rushing
73.0,Dwayne Washington,DET,RB,12.0,90.0,265.0,2.9,1.0,15.0,10.0,62.0,0.0,0.0,0.0,3.2,38.7,2016.0,Rushing
74.0,Dion Lewis,NE,RB,7.0,64.0,283.0,4.4,0.0,24.0,17.0,94.0,0.0,1.0,0.0,5.4,37.7,2016.0,Rushing
75.0,Aaron Ripkowski,GB,FB,16.0,34.0,150.0,4.4,2.0,10.0,9.0,46.0,1.0,0.0,0.0,2.4,37.6,2016.0,Rushing
76.0,Alfred Morris,DAL,RB,14.0,69.0,243.0,3.5,2.0,6.0,3.0,11.0,0.0,0.0,0.0,2.7,37.4,2016.0,Rushing
77.0,Kyle Juszczyk,BAL,FB,16.0,5.0,22.0,4.4,1.0,49.0,37.0,266.0,0.0,0.0,0.0,2.3,36.8,2016.0,Rushing
78.0,Kenyan Drake,MIA,RB,16.0,33.0,179.0,5.4,2.0,10.0,9.0,46.0,0.0,1.0,0.0,2.2,34.5,2016.0,Rushing
79.0,Corey Grant,JAX,RB,11.0,32.0,164.0,5.1,1.0,7.0,4.0,35.0,1.0,0.0,0.0,2.9,31.9,2016.0,Rushing
80.0,Peyton Barber,TB,RB,15.0,55.0,223.0,4.1,1.0,6.0,5.0,28.0,0.0,0.0,0.0,2.1,31.1,2016.0,Rushing
81.0,Kenjon Barner,PHI,RB,13.0,27.0,129.0,4.8,2.0,11.0,5.0,42.0,0.0,0.0,0.0,2.2,29.1,2016.0,Rushing
82.0,Kerwynn Williams,ARI,RB,10.0,18.0,157.0,8.7,2.0,2.0,1.0,6.0,0.0,0.0,0.0,2.8,28.3,2016.0,Rushing
83.0,Cameron Artis-Payne,CAR,RB,3.0,36.0,144.0,4.0,2.0,1.0,1.0,11.0,0.0,0.0,0.0,9.2,27.5,2016.0,Rushing
84.0,DuJuan Harris,SF,RB,9.0,38.0,138.0,3.6,0.0,9.0,8.0,115.0,1.0,2.0,2.0,3.0,27.3,2016.0,Rushing
85.0,Shane Vereen,NYG,RB,5.0,33.0,158.0,4.8,1.0,19.0,11.0,94.0,0.0,2.0,2.0,5.4,27.2,2016.0,Rushing
86.0,Alex Collins,SEA,RB,11.0,31.0,125.0,4.0,1.0,11.0,11.0,84.0,0.0,2.0,1.0,2.3,24.9,2016.0,Rushing
87.0,Mike Tolbert,CAR,FB,16.0,35.0,114.0,3.3,0.0,15.0,10.0,72.0,1.0,0.0,0.0,1.5,24.6,2016.0,Rushing
88.0,Orleans Darkwa,NYG,RB,10.0,30.0,111.0,3.7,2.0,4.0,2.0,12.0,0.0,0.0,0.0,2.4,24.3,2016.0,Rushing
89.0,Kapri Bibbs,DEN,RB,12.0,22.0,107.0,4.9,0.0,3.0,2.0,75.0,1.0,0.0,0.0,2.0,24.2,2016.0,Rushing
89.0,Kenneth Farrow,LAC,RB,13.0,60.0,192.0,3.2,0.0,16.0,13.0,70.0,0.0,2.0,1.0,1.9,24.2,2016.0,Rushing
91.0,Ronnie Hillman,LAC,RB,8.0,41.0,131.0,3.2,0.0,15.0,7.0,93.0,0.0,0.0,0.0,2.8,22.4,2016.0,Rushing
92.0,Ameer Abdullah,DET,RB,2.0,18.0,101.0,5.6,0.0,5.0,5.0,57.0,1.0,0.0,0.0,10.9,21.8,2016.0,Rushing
93.0,Lance Dunbar,DAL,RB,13.0,9.0,31.0,3.4,1.0,24.0,16.0,122.0,0.0,1.0,0.0,1.6,21.3,2016.0,Rushing
94.0,Danny Woodhead,LAC,RB,2.0,19.0,116.0,6.1,0.0,8.0,6.0,35.0,1.0,0.0,0.0,10.6,21.1,2016.0,Rushing
95.0,Jonathan Grimes,HOU,RB,10.0,23.0,105.0,4.6,0.0,18.0,13.0,94.0,0.0,0.0,0.0,2.0,19.9,2016.0,Rushing
96.0,Bobby Rainey,NYG,RB,15.0,17.0,63.0,3.7,0.0,25.0,20.0,153.0,0.0,1.0,1.0,1.3,19.6,2016.0,Rushing
97.0,Benjamin Cunningham,LAR,RB,11.0,21.0,101.0,4.8,0.0,21.0,16.0,91.0,0.0,1.0,0.0,1.7,19.2,2016.0,Rushing
98.0,Andre Ellington,ARI,RB,16.0,34.0,96.0,2.8,0.0,19.0,12.0,85.0,0.0,0.0,0.0,1.1,18.1,2016.0,Rushing
98.0,Ka'Deem Carey,CHI,RB,12.0,32.0,126.0,3.9,0.0,7.0,5.0,55.0,0.0,0.0,0.0,1.5,18.1,2016.0,Rushing
100.0,Reggie Bush,BUF,RB,13.0,12.0,-3.0,-0.2,1.0,10.0,7.0,90.0,0.0,1.0,0.0,1.3,16.7,2016.0,Rushing
101.0,Denard Robinson,JAX,RB,13.0,41.0,144.0,3.5,0.0,5.0,3.0,22.0,0.0,0.0,0.0,1.3,16.6,2016.0,Rushing
102.0,Terron Ward,ATL,RB,5.0,31.0,151.0,4.9,0.0,2.0,1.0,11.0,0.0,0.0,0.0,3.2,16.2,2016.0,Rushing
103.0,Josh Ferguson,IND,RB,16.0,15.0,20.0,1.3,0.0,26.0,20.0,136.0,0.0,1.0,0.0,1.0,15.6,2016.0,Rushing
104.0,Chris Johnson,ARI,RB,4.0,25.0,95.0,3.8,1.0,1.0,0.0,0.0,0.0,0.0,0.0,3.9,15.5,2016.0,Rushing
105.0,Mack Brown,WAS,RB,9.0,8.0,82.0,10.2,1.0,1.0,1.0,-2.0,0.0,0.0,0.0,1.6,14.0,2016.0,Rushing
106.0,Akeem Hunt,HOU,RB,8.0,20.0,109.0,5.4,0.0,4.0,3.0,29.0,0.0,2.0,0.0,1.7,13.8,2016.0,Rushing
107.0,Andy Janovich,DEN,FB,11.0,4.0,33.0,8.2,1.0,7.0,5.0,44.0,0.0,0.0,0.0,1.2,13.7,2016.0,Rushing
108.0,Arian Foster,MIA,RB,4.0,22.0,55.0,2.5,0.0,10.0,6.0,78.0,0.0,1.0,0.0,3.3,13.3,2016.0,Rushing
109.0,CJ Spiller,NYJ,RB,6.0,6.0,18.0,3.0,0.0,13.0,6.0,50.0,1.0,1.0,0.0,2.1,12.8,2016.0,Rushing
110.0,Mike Davis,SF,RB,8.0,19.0,50.0,2.6,1.0,5.0,3.0,25.0,0.0,1.0,1.0,1.4,11.5,2016.0,Rushing
111.0,Jamaal Charles,KC,RB,3.0,12.0,40.0,3.3,1.0,3.0,2.0,14.0,0.0,0.0,0.0,3.8,11.4,2016.0,Rushing
111.0,Jonathan Williams,BUF,RB,11.0,27.0,94.0,3.5,1.0,2.0,1.0,0.0,0.0,2.0,2.0,1.0,11.4,2016.0,Rushing
113.0,Patrick DiMarco,ATL,FB,16.0,0.0,0.0,0.0,0.0,10.0,7.0,52.0,1.0,0.0,0.0,0.7,11.2,2016.0,Rushing
114.0,Darren McFadden,DAL,RB,3.0,24.0,87.0,3.6,0.0,5.0,3.0,17.0,0.0,0.0,0.0,3.5,10.4,2016.0,Rushing
114.0,Antone Smith,TB,RB,3.0,10.0,47.0,4.7,0.0,9.0,6.0,77.0,0.0,2.0,1.0,3.5,10.4,2016.0,Rushing
116.0,David Johnson,PIT,RB,16.0,0.0,0.0,0.0,0.0,11.0,7.0,80.0,0.0,0.0,0.0,0.6,10.0,2016.0,Rushing
117.0,Alan Cross,TB,FB,14.0,0.0,0.0,0.0,0.0,10.0,6.0,38.0,1.0,0.0,0.0,0.7,9.8,2016.0,Rushing
118.0,George Atkinson,CLE,RB,16.0,7.0,34.0,4.9,1.0,0.0,0.0,0.0,0.0,1.0,0.0,0.6,9.4,2016.0,Rushing
119.0,Terrell Watson,PHI,RB,1.0,9.0,28.0,3.1,1.0,1.0,1.0,5.0,0.0,0.0,0.0,9.3,9.3,2016.0,Rushing
120.0,Marcel Reece,SEA,FB,4.0,2.0,0.0,0.0,0.0,5.0,5.0,72.0,0.0,0.0,0.0,2.3,9.2,2016.0,Rushing
121.0,Fitzgerald Toussaint,PIT,RB,16.0,14.0,58.0,4.1,0.0,3.0,3.0,33.0,0.0,0.0,0.0,0.6,9.1,2016.0,Rushing
122.0,Andre Williams,LAC,RB,1.0,18.0,87.0,4.8,0.0,2.0,0.0,0.0,0.0,0.0,0.0,8.7,8.7,2016.0,Rushing
122.0,Derek Watt,LAC,FB,16.0,2.0,4.0,2.0,0.0,4.0,4.0,83.0,0.0,0.0,0.0,0.5,8.7,2016.0,Rushing
124.0,Juwan Thompson,DEN,RB,8.0,8.0,26.0,3.2,1.0,1.0,0.0,0.0,0.0,0.0,0.0,1.1,8.6,2016.0,Rushing
125.0,Byron Marshall,PHI,RB,3.0,19.0,64.0,3.4,0.0,5.0,3.0,10.0,0.0,0.0,0.0,2.5,7.4,2016.0,Rushing
126.0,Jerome Felton,BUF,FB,15.0,8.0,13.0,1.6,0.0,9.0,6.0,57.0,0.0,0.0,0.0,0.5,7.0,2016.0,Rushing
127.0,Malcolm Brown,LAR,RB,16.0,18.0,39.0,2.2,0.0,3.0,3.0,46.0,0.0,1.0,1.0,0.4,6.5,2016.0,Rushing
128.0,Adrian Peterson,MIN,RB,3.0,37.0,72.0,1.9,0.0,6.0,3.0,8.0,0.0,1.0,1.0,2.0,6.0,2016.0,Rushing
129.0,Jordan Todman,IND,RB,16.0,9.0,59.0,6.6,0.0,1.0,0.0,0.0,0.0,0.0,0.0,0.4,5.9,2016.0,Rushing
130.0,Knile Davis,KC,RB,11.0,18.0,28.0,1.6,0.0,7.0,5.0,25.0,0.0,0.0,0.0,0.5,5.3,2016.0,Rushing
131.0,Javorius Allen,BAL,RB,8.0,9.0,34.0,3.8,0.0,4.0,3.0,15.0,0.0,0.0,0.0,0.6,4.9,2016.0,Rushing
131.0,Troymaine Pope,SEA,RB,4.0,12.0,44.0,3.7,0.0,2.0,1.0,5.0,0.0,0.0,0.0,1.2,4.9,2016.0,Rushing
133.0,Brandon Wilds,NYJ,RB,4.0,10.0,27.0,2.7,0.0,2.0,2.0,20.0,0.0,0.0,0.0,1.2,4.7,2016.0,Rushing
134.0,Daniel Lasco,NO,RB,7.0,11.0,32.0,2.9,0.0,4.0,2.0,11.0,0.0,0.0,0.0,0.6,4.3,2016.0,Rushing
135.0,Mike James,TB,RB,4.0,4.0,19.0,4.8,0.0,4.0,4.0,22.0,0.0,0.0,0.0,1.0,4.1,2016.0,Rushing
136.0,Dexter McCluster,LAC,RB,6.0,3.0,2.0,0.7,0.0,11.0,7.0,36.0,0.0,0.0,0.0,0.6,3.8,2016.0,Rushing
137.0,Taiwan Jones,OAK,RB,13.0,1.0,-8.0,-8.0,0.0,4.0,4.0,43.0,0.0,1.0,0.0,0.3,3.5,2016.0,Rushing
138.0,Don Jackson,GB,RB,3.0,10.0,32.0,3.2,0.0,1.0,0.0,0.0,0.0,0.0,0.0,1.1,3.2,2016.0,Rushing
139.0,Isaiah Pead,MIA,RB,3.0,8.0,22.0,2.8,0.0,1.0,1.0,6.0,0.0,0.0,0.0,0.9,2.8,2016.0,Rushing
140.0,Dan Vitale,CLE,FB,9.0,0.0,0.0,0.0,0.0,5.0,4.0,27.0,0.0,0.0,0.0,0.3,2.7,2016.0,Rushing
141.0,Malcolm Johnson,CLE,FB,7.0,1.0,2.0,2.0,0.0,7.0,5.0,44.0,0.0,1.0,1.0,0.4,2.6,2016.0,Rushing
141.0,DJ Foster,NE,RB,3.0,7.0,24.0,3.4,0.0,2.0,1.0,2.0,0.0,0.0,0.0,0.9,2.6,2016.0,Rushing
143.0,Keith Smith,DAL,FB,16.0,2.0,5.0,2.5,0.0,3.0,3.0,20.0,0.0,0.0,0.0,0.2,2.5,2016.0,Rushing
143.0,Lawrence Thomas,NYJ,RB,3.0,0.0,0.0,0.0,0.0,0.0,0.0,0.0,0.0,0.0,0.0,0.8,2.5,2016.0,Rushing
145.0,Brandon Bolden,NE,RB,14.0,1.0,4.0,4.0,0.0,4.0,2.0,15.0,0.0,0.0,0.0,0.1,1.9,2016.0,Rushing
146.0,James Develin,NE,RB,16.0,0.0,0.0,0.0,0.0,6.0,3.0,18.0,0.0,0.0,0.0,0.1,1.8,2016.0,Rushing
146.0,JD McKissic,SEA,RB,1.0,1.0,2.0,2.0,0.0,2.0,2.0,16.0,0.0,0.0,0.0,1.8,1.8,2016.0,Rushing
148.0,Jalston Fowler,TEN,RB,16.0,1.0,3.0,3.0,0.0,2.0,1.0,14.0,0.0,0.0,0.0,0.1,1.7,2016.0,Rushing
149.0,Cedric Peerman,CIN,RB,6.0,6.0,15.0,2.5,0.0,1.0,0.0,0.0,0.0,0.0,0.0,0.2,1.5,2016.0,Rushing
149.0,Zach Line,MIN,FB,15.0,7.0,15.0,2.1,0.0,3.0,0.0,0.0,0.0,0.0,0.0,0.1,1.5,2016.0,Rushing
149.0,Antonio Andrews,TEN,RB,16.0,2.0,15.0,7.5,0.0,0.0,0.0,0.0,0.0,0.0,0.0,0.1,1.5,2016.0,Rushing
149.0,Jay Prosch,HOU,FB,15.0,4.0,9.0,2.2,0.0,1.0,1.0,6.0,0.0,0.0,0.0,0.1,1.5,2016.0,Rushing
153.0,Stepfan Taylor,ARI,RB,15.0,4.0,12.0,3.0,0.0,0.0,0.0,0.0,0.0,0.0,0.0,0.1,1.2,2016.0,Rushing
153.0,Terrence Magee,SEA,RB,2.0,3.0,12.0,4.0,0.0,0.0,0.0,0.0,0.0,0.0,0.0,0.6,1.2,2016.0,Rushing
155.0,Anthony Sherman,KC,FB,16.0,0.0,0.0,0.0,0.0,6.0,4.0,11.0,0.0,0.0,0.0,0.1,1.1,2016.0,Rushing
155.0,Bronson Hill,JAX,RB,3.0,2.0,11.0,5.5,0.0,1.0,0.0,0.0,0.0,0.0,0.0,0.4,1.1,2016.0,Rushing
155.0,Paul Lasike,CHI,RB,10.0,3.0,8.0,2.7,0.0,1.0,1.0,3.0,0.0,0.0,0.0,0.1,1.1,2016.0,Rushing
158.0,Lorenzo Taliaferro,BAL,RB,3.0,1.0,0.0,0.0,0.0,3.0,3.0,10.0,0.0,0.0,0.0,0.3,1.0,2016.0,Rushing
159.0,Stevan Ridley,ATL,RB,1.0,3.0,7.0,2.3,0.0,0.0,0.0,0.0,0.0,0.0,0.0,0.7,0.7,2016.0,Rushing
159.0,Joe Banyard,JAX,RB,1.0,2.0,7.0,3.5,0.0,0.0,0.0,0.0,0.0,0.0,0.0,0.7,0.7,2016.0,Rushing
159.0,Daryl Richardson,JAX,RB,3.0,2.0,7.0,3.5,0.0,0.0,0.0,0.0,0.0,0.0,0.0,0.2,0.7,2016.0,Rushing
162.0,Raheem Mostert,SF,RB,3.0,1.0,6.0,6.0,0.0,0.0,0.0,0.0,0.0,0.0,0.0,0.2,0.6,2016.0,Rushing
163.0,Roosevelt Nix,PIT,RB,10.0,0.0,0.0,0.0,0.0,2.0,2.0,5.0,0.0,0.0,0.0,0.0,0.5,2016.0,Rushing
164.0,Joique Bell,DET,RB,7.0,3.0,6.0,2.0,0.0,1.0,1.0,-2.0,0.0,0.0,0.0,0.1,0.4,2016.0,Rushing
164.0,Chase Reynolds,LAR,RB,16.0,0.0,0.0,0.0,0.0,1.0,1.0,4.0,0.0,0.0,0.0,0.0,0.4,2016.0,Rushing
164.0,Rod Smith,DAL,RB,7.0,0.0,0.0,0.0,0.0,1.0,1.0,4.0,0.0,0.0,0.0,0.1,0.4,2016.0,Rushing
167.0,Marcus Murphy,NO,RB,3.0,0.0,0.0,0.0,0.0,1.0,1.0,3.0,0.0,0.0,0.0,0.1,0.3,2016.0,Rushing
168.0,Will Tukuafu,SEA,FB,7.0,2.0,2.0,1.0,0.0,1.0,0.0,0.0,0.0,0.0,0.0,0.0,0.2,2016.0,Rushing
168.0,Khiry Robinson,NYJ,RB,1.0,8.0,22.0,2.8,0.0,0.0,0.0,0.0,0.0,1.0,1.0,0.2,0.2,2016.0,Rushing
170.0,Austin Johnson,TB,FB,1.0,0.0,0.0,0.0,0.0,0.0,0.0,0.0,0.0,0.0,0.0,0.0,0.0,2016.0,Rushing
170.0,Michael Burton,DET,FB,15.0,0.0,0.0,0.0,0.0,1.0,0.0,0.0,0.0,0.0,0.0,0.0,0.0,2016.0,Rushing
170.0,Julian Howsare,NYJ,RB,2.0,0.0,0.0,0.0,0.0,0.0,0.0,0.0,0.0,0.0,0.0,0.0,0.0,2016.0,Rushing
170.0,Russell Hansbrough,TB,RB,2.0,0.0,0.0,0.0,0.0,0.0,0.0,0.0,0.0,0.0,0.0,0.0,0.0,2016.0,Rushing
170.0,Aaron Green,LAR,RB,2.0,0.0,0.0,0.0,0.0,0.0,0.0,0.0,0.0,0.0,0.0,0.0,0.0,2016.0,Rushing
170.0,Glenn Gronkowski,BUF,FB,1.0,0.0,0.0,0.0,0.0,0.0,0.0,0.0,0.0,0.0,0.0,0.0,0.0,2016.0,Rushing
170.0,Joe Kerridge,GB,FB,8.0,1.0,0.0,0.0,0.0,0.0,0.0,0.0,0.0,0.0,0.0,0.0,0.0,2016.0,Rushing
170.0,Taniela Tupou,SEA,FB,1.0,0.0,0.0,0.0,0.0,0.0,0.0,0.0,0.0,0.0,0.0,0.0,0.0,2016.0,Rushing
178.0,Brandon Burks,NYJ,RB,1.0,2.0,-4.0,-2.0,0.0,0.0,0.0,0.0,0.0,0.0,0.0,-0.4,-0.4,2016.0,Rushing
179.0,Tyler Ervin,HOU,RB,12.0,1.0,3.0,3.0,0.0,5.0,3.0,18.0,0.0,3.0,2.0,-0.2,-1.9,2016.0,Rushing
1.0,Devonta Freeman,ATL,RB,15.0,265.0,1056.0,4.0,11.0,97.0,73.0,578.0,3.0,3.0,2.0,16.2,243.4,2015.0,Rushing
2.0,Adrian Peterson,MIN,RB,16.0,327.0,1485.0,4.5,11.0,36.0,30.0,222.0,0.0,7.0,3.0,14.4,230.7,2015.0,Rushing
3.0,Doug Martin,TB,RB,16.0,288.0,1402.0,4.9,6.0,44.0,33.0,271.0,1.0,5.0,5.0,12.5,199.3,2015.0,Rushing
4.0,DeAngelo Williams,PIT,RB,16.0,200.0,907.0,4.5,11.0,47.0,40.0,367.0,0.0,4.0,2.0,12.0,191.4,2015.0,Rushing
5.0,Todd Gurley,LAR,RB,13.0,229.0,1106.0,4.8,10.0,26.0,21.0,188.0,0.0,3.0,1.0,14.4,187.4,2015.0,Rushing
6.0,Lamar Miller,MIA,RB,16.0,194.0,872.0,4.5,8.0,57.0,47.0,397.0,2.0,1.0,1.0,11.6,184.9,2015.0,Rushing
7.0,David Johnson,ARI,RB,16.0,125.0,581.0,4.6,8.0,57.0,36.0,457.0,4.0,5.0,1.0,10.9,173.8,2015.0,Rushing
8.0,Chris Ivory,NYJ,RB,15.0,247.0,1070.0,4.3,7.0,37.0,30.0,217.0,1.0,5.0,2.0,11.5,172.7,2015.0,Rushing
9.0,Matt Forte,CHI,RB,13.0,218.0,898.0,4.1,4.0,58.0,44.0,389.0,3.0,2.0,1.0,13.1,170.7,2015.0,Rushing
10.0,Latavius Murray,OAK,RB,16.0,266.0,1066.0,4.0,6.0,53.0,41.0,232.0,0.0,4.0,1.0,10.2,163.8,2015.0,Rushing
11.0,Danny Woodhead,LAC,RB,16.0,98.0,336.0,3.4,3.0,106.0,80.0,755.0,6.0,0.0,0.0,10.2,163.1,2015.0,Rushing
12.0,Frank Gore,IND,RB,16.0,260.0,967.0,3.7,6.0,58.0,34.0,267.0,1.0,4.0,3.0,10.0,159.4,2015.0,Rushing
13.0,Darren McFadden,DAL,RB,16.0,239.0,1089.0,4.6,3.0,53.0,40.0,328.0,0.0,4.0,3.0,9.7,155.7,2015.0,Rushing
14.0,Jeremy Hill,CIN,RB,16.0,223.0,794.0,3.6,11.0,19.0,15.0,79.0,1.0,3.0,3.0,9.7,155.3,2015.0,Rushing
15.0,Mark Ingram,NO,RB,12.0,166.0,769.0,4.6,6.0,60.0,50.0,405.0,0.0,3.0,1.0,12.8,153.4,2015.0,Rushing
16.0,Jonathan Stewart,CAR,RB,13.0,242.0,989.0,4.1,6.0,21.0,16.0,99.0,1.0,3.0,2.0,11.3,146.8,2015.0,Rushing
17.0,LeSean McCoy,BUF,RB,12.0,203.0,895.0,4.4,3.0,50.0,32.0,292.0,2.0,2.0,2.0,12.2,146.7,2015.0,Rushing
18.0,DeMarco Murray,PHI,RB,15.0,193.0,702.0,3.6,6.0,55.0,44.0,322.0,1.0,3.0,2.0,9.4,140.4,2015.0,Rushing
19.0,Ronnie Hillman,DEN,RB,16.0,207.0,863.0,4.2,7.0,35.0,24.0,111.0,0.0,3.0,1.0,8.6,137.4,2015.0,Rushing
20.0,Rashad Jennings,NYG,RB,16.0,195.0,863.0,4.4,3.0,40.0,29.0,296.0,1.0,3.0,2.0,8.5,135.9,2015.0,Rushing
21.0,Giovani Bernard,CIN,RB,16.0,154.0,730.0,4.7,2.0,66.0,49.0,472.0,0.0,2.0,0.0,8.3,132.2,2015.0,Rushing
22.0,Charles Sims,TB,RB,16.0,107.0,529.0,4.9,0.0,70.0,51.0,561.0,4.0,2.0,2.0,8.1,129.0,2015.0,Rushing
23.0,Jeremy Langford,CHI,RB,16.0,148.0,537.0,3.6,6.0,42.0,22.0,279.0,1.0,0.0,0.0,7.8,125.6,2015.0,Rushing
24.0,James Starks,GB,RB,16.0,148.0,601.0,4.1,2.0,53.0,43.0,392.0,3.0,6.0,3.0,7.7,123.3,2015.0,Rushing
25.0,Eddie Lacy,GB,RB,15.0,187.0,758.0,4.1,3.0,28.0,20.0,188.0,2.0,4.0,2.0,8.0,120.6,2015.0,Rushing
26.0,TJ Yeldon,JAX,RB,12.0,182.0,740.0,4.1,2.0,46.0,36.0,279.0,1.0,0.0,0.0,10.0,119.9,2015.0,Rushing
27.0,Isaiah Crowell,CLE,RB,16.0,185.0,706.0,3.8,4.0,22.0,19.0,182.0,1.0,0.0,0.0,7.4,118.8,2015.0,Rushing
28.0,Thomas Rawls,SEA,RB,13.0,147.0,830.0,5.6,4.0,11.0,9.0,76.0,1.0,1.0,1.0,9.1,118.6,2015.0,Rushing
29.0,LeGarrette Blount,NE,RB,12.0,165.0,703.0,4.3,6.0,7.0,6.0,43.0,1.0,1.0,0.0,9.7,116.6,2015.0,Rushing
30.0,CJ Anderson,DEN,RB,15.0,152.0,720.0,4.7,5.0,36.0,25.0,183.0,0.0,2.0,2.0,7.8,116.3,2015.0,Rushing
31.0,Karlos Williams,BUF,RB,11.0,93.0,517.0,5.6,7.0,14.0,11.0,96.0,2.0,2.0,1.0,10.3,113.3,2015.0,Rushing
32.0,Charcandrick West,KC,RB,15.0,160.0,634.0,4.0,4.0,34.0,20.0,214.0,1.0,2.0,1.0,7.5,112.8,2015.0,Rushing
33.0,Ryan Mathews,PHI,RB,13.0,106.0,539.0,5.1,6.0,29.0,20.0,146.0,1.0,4.0,3.0,8.0,104.5,2015.0,Rushing
34.0,Duke Johnson,CLE,RB,16.0,104.0,379.0,3.6,0.0,74.0,61.0,534.0,2.0,1.0,0.0,6.5,103.3,2015.0,Rushing
35.0,Chris Johnson,ARI,RB,11.0,196.0,814.0,4.2,3.0,13.0,6.0,58.0,0.0,2.0,2.0,9.2,101.2,2015.0,Rushing
36.0,Javorius Allen,BAL,RB,16.0,137.0,514.0,3.8,1.0,62.0,45.0,353.0,2.0,2.0,2.0,6.3,100.7,2015.0,Rushing
37.0,Shane Vereen,NYG,RB,16.0,61.0,260.0,4.3,0.0,81.0,59.0,494.0,4.0,1.0,0.0,6.2,99.4,2015.0,Rushing
38.0,Theo Riddick,DET,RB,16.0,43.0,133.0,3.1,0.0,99.0,80.0,697.0,3.0,1.0,1.0,6.2,99.0,2015.0,Rushing
39.0,Alfred Blue,HOU,RB,16.0,183.0,698.0,3.8,2.0,16.0,15.0,109.0,1.0,2.0,1.0,6.0,96.7,2015.0,Rushing
40.0,Matt Jones,WAS,RB,13.0,144.0,490.0,3.4,3.0,25.0,19.0,304.0,1.0,5.0,4.0,7.3,95.4,2015.0,Rushing
41.0,Darren Sproles,PHI,RB,16.0,83.0,317.0,3.8,3.0,83.0,55.0,388.0,1.0,2.0,0.0,5.9,94.5,2015.0,Rushing
42.0,Ameer Abdullah,DET,RB,16.0,143.0,597.0,4.2,2.0,38.0,25.0,183.0,1.0,6.0,2.0,5.8,92.0,2015.0,Rushing
43.0,Justin Forsett,BAL,RB,10.0,151.0,641.0,4.2,2.0,41.0,31.0,153.0,0.0,0.0,0.0,9.1,91.4,2015.0,Rushing
44.0,Antonio Andrews,TEN,RB,14.0,143.0,520.0,3.6,3.0,29.0,21.0,174.0,0.0,1.0,1.0,6.5,91.04,2015.0,Rushing
45.0,Bilal Powell,NYJ,RB,11.0,70.0,313.0,4.5,1.0,63.0,47.0,388.0,2.0,2.0,0.0,8.0,88.1,2015.0,Rushing
46.0,Le'Veon Bell,PIT,RB,6.0,113.0,556.0,4.9,3.0,26.0,24.0,136.0,0.0,0.0,0.0,14.5,87.2,2015.0,Rushing
47.0,Alfred Morris,WAS,RB,16.0,202.0,751.0,3.7,1.0,13.0,10.0,55.0,0.0,0.0,0.0,5.4,86.6,2015.0,Rushing
48.0,Dion Lewis,NE,RB,7.0,49.0,234.0,4.8,2.0,50.0,36.0,388.0,2.0,2.0,1.0,12.0,84.2,2015.0,Rushing
49.0,Joique Bell,DET,RB,13.0,90.0,311.0,3.5,4.0,27.0,22.0,286.0,0.0,1.0,0.0,6.4,83.7,2015.0,Rushing
50.0,James White,NE,RB,14.0,22.0,56.0,2.5,2.0,54.0,40.0,410.0,4.0,0.0,0.0,5.9,82.6,2015.0,Rushing
51.0,Jamaal Charles,KC,RB,5.0,71.0,364.0,5.1,4.0,30.0,21.0,177.0,1.0,3.0,2.0,16.0,80.1,2015.0,Rushing
52.0,Spencer Ware,KC,RB,11.0,72.0,403.0,5.6,6.0,6.0,6.0,5.0,0.0,1.0,0.0,7.0,76.8,2015.0,Rushing
53.0,Melvin Gordon,LAC,RB,14.0,184.0,641.0,3.5,0.0,37.0,33.0,192.0,0.0,6.0,4.0,5.4,75.3,2015.0,Rushing
54.0,Tim Hightower,NO,RB,8.0,96.0,375.0,3.9,4.0,13.0,12.0,129.0,0.0,0.0,0.0,9.3,74.4,2015.0,Rushing
55.0,Carlos Hyde,SF,RB,7.0,115.0,470.0,4.1,3.0,15.0,11.0,53.0,0.0,1.0,0.0,10.0,70.3,2015.0,Rushing
56.0,Marshawn Lynch,SEA,RB,7.0,111.0,417.0,3.8,3.0,21.0,13.0,80.0,0.0,0.0,0.0,10.0,69.7,2015.0,Rushing
57.0,Mike Tolbert,CAR,FB,16.0,62.0,256.0,4.1,1.0,23.0,18.0,154.0,3.0,0.0,0.0,4.1,65.0,2015.0,Rushing
58.0,Joseph Randle,DAL,RB,6.0,76.0,315.0,4.1,4.0,10.0,10.0,86.0,0.0,1.0,0.0,10.7,64.1,2015.0,Rushing
59.0,Jerick McKinnon,MIN,RB,16.0,52.0,271.0,5.2,2.0,29.0,21.0,173.0,1.0,0.0,0.0,3.9,62.4,2015.0,Rushing
60.0,Dexter McCluster,TEN,RB,12.0,55.0,247.0,4.5,1.0,41.0,31.0,260.0,1.0,2.0,2.0,5.1,60.7,2015.0,Rushing
61.0,Andre Ellington,ARI,RB,10.0,45.0,289.0,6.4,3.0,24.0,15.0,148.0,0.0,1.0,1.0,6.0,59.7,2015.0,Rushing
62.0,Jonathan Grimes,HOU,RB,14.0,56.0,282.0,5.0,1.0,31.0,26.0,173.0,1.0,0.0,0.0,4.2,59.5,2015.0,Rushing
63.0,Chris Thompson,WAS,RB,13.0,35.0,216.0,6.2,0.0,48.0,35.0,240.0,2.0,2.0,0.0,4.4,57.6,2015.0,Rushing
64.0,Kyle Juszczyk,BAL,FB,16.0,2.0,3.0,1.5,0.0,56.0,41.0,321.0,4.0,0.0,0.0,3.5,56.4,2015.0,Rushing
65.0,Chris Polk,HOU,RB,15.0,99.0,334.0,3.4,1.0,28.0,16.0,109.0,1.0,0.0,0.0,3.8,56.3,2015.0,Rushing
66.0,Arian Foster,HOU,RB,4.0,63.0,163.0,2.6,1.0,28.0,22.0,227.0,2.0,2.0,1.0,13.8,55.0,2015.0,Rushing
67.0,Khiry Robinson,NO,RB,8.0,56.0,180.0,3.2,4.0,20.0,17.0,115.0,0.0,0.0,0.0,6.7,53.5,2015.0,Rushing
68.0,Shaun Draughn,SF,RB,11.0,78.0,273.0,3.5,1.0,35.0,27.0,176.0,0.0,2.0,0.0,4.6,50.9,2015.0,Rushing
69.0,Brandon Bolden,NE,RB,15.0,63.0,207.0,3.3,0.0,30.0,19.0,180.0,2.0,0.0,0.0,3.4,50.7,2015.0,Rushing
70.0,Marcel Reece,OAK,FB,15.0,10.0,36.0,3.6,0.0,37.0,30.0,269.0,3.0,0.0,0.0,3.2,48.5,2015.0,Rushing
71.0,CJ Spiller,NO,RB,13.0,36.0,112.0,3.1,0.0,44.0,34.0,239.0,2.0,1.0,0.0,3.6,47.1,2015.0,Rushing
72.0,Denard Robinson,JAX,RB,13.0,67.0,266.0,4.0,1.0,30.0,21.0,164.0,0.0,3.0,1.0,3.6,47.0,2015.0,Rushing
73.0,Fred Jackson,SEA,RB,16.0,26.0,100.0,3.8,0.0,41.0,32.0,257.0,2.0,1.0,1.0,2.9,45.7,2015.0,Rushing
74.0,Mike Gillislee,BUF,RB,5.0,47.0,267.0,5.7,3.0,7.0,6.0,29.0,0.0,1.0,1.0,9.1,45.6,2015.0,Rushing
75.0,Bishop Sankey,TEN,RB,13.0,47.0,193.0,4.1,1.0,22.0,14.0,139.0,1.0,3.0,1.0,3.3,43.2,2015.0,Rushing
76.0,Tevin Coleman,ATL,RB,12.0,87.0,392.0,4.5,1.0,11.0,2.0,14.0,0.0,3.0,3.0,3.4,40.6,2015.0,Rushing
77.0,Benjamin Cunningham,LAR,RB,16.0,37.0,140.0,3.8,0.0,37.0,26.0,250.0,0.0,1.0,0.0,2.4,39.0,2015.0,Rushing
78.0,Donald Brown,LAC,RB,10.0,59.0,229.0,3.9,1.0,13.0,8.0,88.0,0.0,1.0,0.0,3.8,37.7,2015.0,Rushing
79.0,Jay Ajayi,MIA,RB,9.0,49.0,187.0,3.8,1.0,11.0,7.0,90.0,0.0,0.0,0.0,4.0,35.7,2015.0,Rushing
80.0,Andre Williams,NYG,RB,16.0,88.0,257.0,2.9,1.0,3.0,1.0,7.0,0.0,0.0,0.0,2.2,34.4,2015.0,Rushing
81.0,Ka'Deem Carey,CHI,RB,11.0,43.0,159.0,3.7,2.0,3.0,3.0,19.0,1.0,1.0,1.0,3.1,33.8,2015.0,Rushing
82.0,Tre Mason,LAR,RB,13.0,75.0,207.0,2.8,1.0,21.0,18.0,88.0,0.0,3.0,1.0,2.6,33.5,2015.0,Rushing
83.0,Ahmad Bradshaw,IND,RB,6.0,31.0,85.0,2.7,0.0,14.0,10.0,64.0,3.0,0.0,0.0,5.5,32.9,2015.0,Rushing
84.0,Cameron Artis-Payne,CAR,RB,7.0,45.0,183.0,4.1,1.0,5.0,5.0,58.0,0.0,0.0,0.0,4.3,30.1,2015.0,Rushing
85.0,Zach Line,MIN,FB,16.0,6.0,10.0,1.7,2.0,9.0,6.0,95.0,1.0,0.0,0.0,1.8,28.5,2015.0,Rushing
86.0,Travaris Cadet,NO,RB,7.0,11.0,28.0,2.5,0.0,22.0,17.0,214.0,1.0,1.0,1.0,4.0,28.2,2015.0,Rushing
86.0,Robert Turbin,DAL,RB,10.0,50.0,199.0,4.0,1.0,10.0,7.0,23.0,0.0,0.0,0.0,2.8,28.2,2015.0,Rushing
86.0,Lance Dunbar,DAL,RB,4.0,5.0,67.0,13.4,0.0,23.0,21.0,215.0,0.0,0.0,0.0,7.0,28.2,2015.0,Rushing
89.0,Ty Montgomery,GB,RB,6.0,3.0,14.0,4.7,0.0,19.0,15.0,136.0,2.0,0.0,0.0,4.5,27.0,2015.0,Rushing
90.0,DuJuan Harris,SF,RB,4.0,48.0,189.0,3.9,0.0,14.0,9.0,97.0,0.0,1.0,1.0,6.6,26.6,2015.0,Rushing
91.0,Christine Michael,SEA,RB,8.0,54.0,243.0,4.5,0.0,6.0,3.0,16.0,0.0,0.0,0.0,3.2,25.9,2015.0,Rushing
92.0,Jamize Olawale,OAK,FB,14.0,24.0,110.0,4.6,1.0,11.0,9.0,84.0,0.0,0.0,0.0,1.8,25.4,2015.0,Rushing
93.0,Jonas Gray,JAX,RB,8.0,45.0,176.0,3.9,0.0,8.0,7.0,76.0,0.0,0.0,0.0,3.2,25.2,2015.0,Rushing
94.0,Matt Asiata,MIN,RB,16.0,29.0,112.0,3.9,0.0,22.0,19.0,132.0,0.0,0.0,0.0,1.5,24.4,2015.0,Rushing
94.0,Orleans Darkwa,NYG,RB,16.0,36.0,153.0,4.2,1.0,6.0,3.0,31.0,0.0,0.0,0.0,1.5,24.4,2015.0,Rushing
96.0,Damien Williams,MIA,RB,16.0,16.0,59.0,3.7,0.0,28.0,21.0,142.0,1.0,4.0,1.0,1.5,24.1,2015.0,Rushing
97.0,Fozzy Whittaker,CAR,RB,15.0,25.0,108.0,4.3,1.0,15.0,12.0,64.0,0.0,2.0,0.0,1.5,23.2,2015.0,Rushing
98.0,Patrick DiMarco,ATL,FB,16.0,1.0,0.0,0.0,0.0,17.0,13.0,110.0,2.0,0.0,0.0,1.4,23.0,2015.0,Rushing
99.0,Terron Ward,ATL,RB,13.0,29.0,95.0,3.3,1.0,13.0,9.0,73.0,0.0,0.0,0.0,1.8,22.8,2015.0,Rushing
100.0,Taiwan Jones,OAK,RB,12.0,16.0,74.0,4.6,0.0,9.0,7.0,106.0,1.0,2.0,1.0,1.8,22.0,2015.0,Rushing
100.0,Branden Oliver,LAC,RB,8.0,31.0,108.0,3.5,0.0,15.0,13.0,112.0,0.0,1.0,0.0,2.8,22.0,2015.0,Rushing
102.0,Zac Stacy,NYJ,RB,8.0,31.0,89.0,2.9,1.0,12.0,9.0,65.0,0.0,0.0,0.0,2.7,21.4,2015.0,Rushing
103.0,Terrance West,BAL,RB,8.0,62.0,231.0,3.7,0.0,5.0,4.0,21.0,0.0,2.0,2.0,2.6,21.2,2015.0,Rushing
104.0,Bruce Miller,SF,FB,16.0,6.0,14.0,2.3,1.0,14.0,10.0,135.0,0.0,0.0,0.0,1.3,20.9,2015.0,Rushing
105.0,John Kuhn,GB,FB,16.0,9.0,28.0,3.1,2.0,10.0,6.0,56.0,0.0,0.0,0.0,1.3,20.4,2015.0,Rushing
105.0,David Cobb,TEN,RB,7.0,52.0,146.0,2.8,1.0,2.0,1.0,-2.0,0.0,0.0,0.0,2.9,20.4,2015.0,Rushing
107.0,Kerwynn Williams,ARI,RB,6.0,27.0,142.0,5.3,1.0,2.0,2.0,16.0,0.0,2.0,1.0,3.3,19.8,2015.0,Rushing
108.0,Jalston Fowler,TEN,RB,16.0,7.0,13.0,1.9,1.0,6.0,5.0,44.0,1.0,0.0,0.0,1.1,17.7,2015.0,Rushing
109.0,Roy Helu,OAK,RB,9.0,17.0,39.0,2.3,0.0,16.0,9.0,75.0,1.0,0.0,0.0,1.9,17.4,2015.0,Rushing
110.0,Knile Davis,KC,RB,14.0,28.0,72.0,2.6,1.0,3.0,2.0,24.0,0.0,0.0,0.0,1.1,15.6,2015.0,Rushing
111.0,Pierre Thomas,WAS,RB,5.0,15.0,64.0,4.3,0.0,11.0,9.0,84.0,0.0,0.0,0.0,3.0,14.8,2015.0,Rushing
111.0,Anthony Dixon,BUF,RB,16.0,21.0,44.0,2.1,1.0,7.0,6.0,44.0,0.0,0.0,0.0,0.9,14.8,2015.0,Rushing
113.0,Rex Burkhead,CIN,RB,16.0,4.0,4.0,1.0,0.0,15.0,10.0,94.0,1.0,1.0,1.0,0.9,13.8,2015.0,Rushing
114.0,Lorenzo Taliaferro,BAL,RB,3.0,13.0,47.0,3.6,1.0,5.0,5.0,29.0,0.0,0.0,0.0,4.5,13.6,2015.0,Rushing
115.0,Akeem Hunt,HOU,RB,7.0,17.0,96.0,5.6,0.0,10.0,6.0,39.0,0.0,0.0,0.0,1.9,13.5,2015.0,Rushing
116.0,Bryce Brown,SEA,RB,4.0,26.0,72.0,2.8,1.0,2.0,0.0,0.0,0.0,0.0,0.0,3.3,13.2,2015.0,Rushing
117.0,Steven Jackson,NE,RB,2.0,21.0,50.0,2.4,1.0,1.0,1.0,20.0,0.0,0.0,0.0,6.5,13.0,2015.0,Rushing
118.0,Dan Herron,IND,RB,10.0,25.0,79.0,3.2,0.0,10.0,9.0,47.0,0.0,1.0,0.0,1.3,12.6,2015.0,Rushing
118.0,Kenjon Barner,PHI,RB,11.0,28.0,124.0,4.4,0.0,12.0,9.0,22.0,0.0,1.0,1.0,1.1,12.6,2015.0,Rushing
120.0,Will Tukuafu,SEA,FB,14.0,4.0,1.0,0.2,1.0,1.0,1.0,7.0,1.0,1.0,1.0,0.8,10.8,2015.0,Rushing
121.0,Kendall Gaskins,SF,FB,9.0,16.0,38.0,2.4,0.0,10.0,8.0,69.0,0.0,0.0,0.0,1.2,10.7,2015.0,Rushing
122.0,Will Johnson,PIT,FB,16.0,4.0,7.0,1.8,1.0,4.0,2.0,16.0,0.0,0.0,0.0,0.6,10.3,2015.0,Rushing
123.0,Michael Burton,DET,FB,16.0,4.0,2.0,0.5,0.0,6.0,6.0,39.0,1.0,0.0,0.0,0.6,10.1,2015.0,Rushing
124.0,Austin Johnson,NO,FB,10.0,4.0,9.0,2.2,1.0,8.0,5.0,30.0,0.0,0.0,0.0,1.0,9.9,2015.0,Rushing
124.0,Juwan Thompson,DEN,RB,15.0,18.0,48.0,2.7,0.0,9.0,6.0,51.0,0.0,0.0,0.0,0.7,9.9,2015.0,Rushing
126.0,Mike Davis,SF,RB,6.0,35.0,58.0,1.7,0.0,13.0,7.0,38.0,0.0,0.0,0.0,1.6,9.6,2015.0,Rushing
127.0,Stevan Ridley,NYJ,RB,9.0,36.0,90.0,2.5,0.0,5.0,4.0,-2.0,0.0,0.0,0.0,1.0,8.8,2015.0,Rushing
128.0,Zurlon Tipton,IND,RB,10.0,5.0,20.0,4.0,0.0,8.0,5.0,57.0,0.0,0.0,0.0,0.8,7.7,2015.0,Rushing
129.0,Zach Zenner,DET,RB,6.0,17.0,60.0,3.5,0.0,3.0,2.0,11.0,0.0,0.0,0.0,1.2,7.1,2015.0,Rushing
130.0,Toby Gerhart,JAX,RB,7.0,20.0,44.0,2.2,0.0,5.0,3.0,23.0,0.0,0.0,0.0,1.0,6.7,2015.0,Rushing
131.0,Stepfan Taylor,ARI,RB,16.0,17.0,58.0,3.4,0.0,3.0,1.0,4.0,0.0,0.0,0.0,0.4,6.2,2015.0,Rushing
131.0,Fitzgerald Toussaint,PIT,RB,5.0,18.0,42.0,2.3,0.0,0.0,0.0,0.0,0.0,0.0,0.0,1.2,6.2,2015.0,Rushing
133.0,Jarryd Hayne,SF,RB,8.0,17.0,52.0,3.1,0.0,7.0,6.0,27.0,0.0,3.0,1.0,0.7,5.9,2015.0,Rushing
134.0,Tommy Bohanon,NYJ,FB,16.0,2.0,2.0,1.0,0.0,8.0,4.0,56.0,0.0,0.0,0.0,0.4,5.8,2015.0,Rushing
135.0,Josh Robinson,IND,RB,5.0,17.0,39.0,2.3,0.0,7.0,6.0,33.0,0.0,1.0,1.0,1.0,5.2,2015.0,Rushing
136.0,Jacquizz Rodgers,CHI,RB,5.0,14.0,41.0,2.9,0.0,3.0,1.0,10.0,0.0,0.0,0.0,1.0,5.1,2015.0,Rushing
136.0,Joey Iosefa,NE,RB,2.0,15.0,51.0,3.4,0.0,0.0,0.0,0.0,0.0,0.0,0.0,2.6,5.1,2015.0,Rushing
138.0,Reggie Bush,SF,RB,5.0,8.0,28.0,3.5,0.0,10.0,4.0,19.0,0.0,0.0,0.0,0.9,4.7,2015.0,Rushing
139.0,Anthony Sherman,KC,FB,16.0,1.0,0.0,0.0,0.0,5.0,4.0,34.0,0.0,0.0,0.0,0.2,3.4,2015.0,Rushing
140.0,Jay Prosch,HOU,FB,16.0,6.0,33.0,5.5,0.0,1.0,0.0,0.0,0.0,0.0,0.0,0.2,3.3,2015.0,Rushing
141.0,Darrel Young,WAS,FB,16.0,6.0,10.0,1.7,0.0,6.0,6.0,22.0,0.0,1.0,0.0,0.2,3.2,2015.0,Rushing
141.0,Derrick Coleman,SEA,FB,14.0,8.0,32.0,4.0,0.0,1.0,1.0,0.0,0.0,0.0,0.0,0.2,3.2,2015.0,Rushing
143.0,Nick Bellore,SF,RB,16.0,0.0,0.0,0.0,0.0,0.0,0.0,0.0,0.0,0.0,0.0,0.2,3.0,2015.0,Rushing
144.0,Jordan Todman,PIT,RB,11.0,4.0,22.0,5.5,0.0,2.0,0.0,0.0,0.0,0.0,0.0,0.2,2.2,2015.0,Rushing
145.0,John Crockett,GB,RB,2.0,9.0,21.0,2.3,0.0,0.0,0.0,0.0,0.0,0.0,0.0,1.0,2.1,2015.0,Rushing
146.0,Tyler Varga,IND,RB,3.0,1.0,2.0,2.0,0.0,2.0,1.0,18.0,0.0,0.0,0.0,0.7,2.0,2015.0,Rushing
147.0,Alonzo Harris,GB,RB,6.0,4.0,19.0,4.8,0.0,1.0,0.0,0.0,0.0,0.0,0.0,0.3,1.9,2015.0,Rushing
148.0,Bernard Pierce,JAX,RB,7.0,6.0,11.0,1.8,0.0,5.0,3.0,7.0,0.0,0.0,0.0,0.3,1.8,2015.0,Rushing
148.0,Aaron Ripkowski,GB,FB,15.0,0.0,0.0,0.0,0.0,1.0,1.0,18.0,0.0,0.0,0.0,0.1,1.8,2015.0,Rushing
150.0,Roosevelt Nix,PIT,RB,15.0,0.0,0.0,0.0,0.0,3.0,2.0,16.0,0.0,0.0,0.0,0.1,1.6,2015.0,Rushing
151.0,Malcolm Johnson,CLE,FB,12.0,0.0,0.0,0.0,0.0,6.0,4.0,15.0,0.0,0.0,0.0,0.1,1.5,2015.0,Rushing
151.0,Malcolm Brown,LAR,RB,1.0,4.0,17.0,4.2,0.0,1.0,1.0,-2.0,0.0,0.0,0.0,1.5,1.5,2015.0,Rushing
153.0,Jerome Felton,BUF,FB,16.0,1.0,2.0,2.0,0.0,2.0,1.0,12.0,0.0,0.0,0.0,0.1,1.4,2015.0,Rushing
153.0,Bobby Rainey,TB,RB,16.0,5.0,18.0,3.6,0.0,3.0,3.0,16.0,0.0,8.0,1.0,0.1,1.4,2015.0,Rushing
155.0,Jorvorskie Lane,TB,FB,16.0,1.0,0.0,0.0,0.0,2.0,2.0,13.0,0.0,0.0,0.0,0.1,1.3,2015.0,Rushing
156.0,Trey Williams,IND,RB,2.0,2.0,12.0,6.0,0.0,0.0,0.0,0.0,0.0,0.0,0.0,0.6,1.2,2015.0,Rushing
157.0,Antone Smith,CHI,RB,5.0,1.0,11.0,11.0,0.0,0.0,0.0,0.0,0.0,0.0,0.0,0.2,1.1,2015.0,Rushing
157.0,Rod Smith,DAL,RB,11.0,2.0,5.0,2.5,0.0,2.0,1.0,6.0,0.0,0.0,0.0,0.1,1.1,2015.0,Rushing
159.0,Terrence Magee,BAL,RB,4.0,2.0,5.0,2.5,0.0,1.0,1.0,2.0,0.0,0.0,0.0,0.2,0.7,2015.0,Rushing
160.0,Tyler Clutts,DAL,FB,16.0,0.0,0.0,0.0,0.0,1.0,1.0,4.0,0.0,0.0,0.0,0.0,0.4,2015.0,Rushing
161.0,Kendall Hunter,NO,RB,2.0,1.0,2.0,2.0,0.0,0.0,0.0,0.0,0.0,0.0,0.0,0.1,0.2,2015.0,Rushing
162.0,George Winn,DET,RB,7.0,4.0,1.0,0.2,0.0,0.0,0.0,0.0,0.0,0.0,0.0,0.0,0.1,2015.0,Rushing
163.0,Cedric Peerman,CIN,RB,16.0,0.0,0.0,0.0,0.0,0.0,0.0,0.0,0.0,1.0,0.0,0.0,0.0,2015.0,Rushing
163.0,Richie Brockel,CAR,FB,2.0,0.0,0.0,0.0,0.0,0.0,0.0,0.0,0.0,0.0,0.0,0.0,0.0,2015.0,Rushing
163.0,LaMichael James,MIA,RB,1.0,0.0,0.0,0.0,0.0,0.0,0.0,0.0,0.0,1.0,0.0,0.0,0.0,2015.0,Rushing
163.0,Joe Banyard,JAX,RB,5.0,0.0,0.0,0.0,0.0,0.0,0.0,0.0,0.0,1.0,0.0,0.0,0.0,2015.0,Rushing
163.0,Chase Reynolds,LAR,RB,12.0,0.0,0.0,0.0,0.0,0.0,0.0,0.0,0.0,1.0,0.0,0.0,0.0,2015.0,Rushing
163.0,Toben Opurum,NO,FB,2.0,0.0,0.0,0.0,0.0,0.0,0.0,0.0,0.0,0.0,0.0,0.0,0.0,2015.0,Rushing
163.0,J Adams,HOU,RB,2.0,0.0,0.0,0.0,0.0,0.0,0.0,0.0,0.0,0.0,0.0,0.0,0.0,2015.0,Rushing
163.0,Nikita Whitlock,NYG,RB,14.0,0.0,0.0,0.0,0.0,0.0,0.0,0.0,0.0,0.0,0.0,0.0,0.0,2015.0,Rushing
163.0,Dri Archer,PIT,RB,8.0,0.0,0.0,0.0,0.0,0.0,0.0,0.0,0.0,0.0,0.0,0.0,0.0,2015.0,Rushing
163.0,Kapri Bibbs,DEN,RB,1.0,0.0,0.0,0.0,0.0,0.0,0.0,0.0,0.0,0.0,0.0,0.0,0.0,2015.0,Rushing
163.0,Keith Smith,DAL,FB,5.0,0.0,0.0,0.0,0.0,0.0,0.0,0.0,0.0,0.0,0.0,0.0,0.0,2015.0,Rushing
163.0,Trey Watts,LAR,RB,1.0,0.0,0.0,0.0,0.0,0.0,0.0,0.0,0.0,0.0,0.0,0.0,0.0,2015.0,Rushing
163.0,Brandon Wegher,CAR,RB,1.0,0.0,0.0,0.0,0.0,0.0,0.0,0.0,0.0,0.0,0.0,0.0,0.0,2015.0,Rushing
163.0,Dreamius Smith,LAC,RB,2.0,0.0,0.0,0.0,0.0,0.0,0.0,0.0,0.0,0.0,0.0,0.0,0.0,2015.0,Rushing
177.0,Cierre Wood,BUF,RB,2.0,2.0,3.0,1.5,0.0,1.0,1.0,-6.0,0.0,0.0,0.0,-0.2,-0.3,2015.0,Rushing
178.0,Corey Grant,JAX,RB,6.0,6.0,2.0,0.3,0.0,3.0,2.0,13.0,0.0,1.0,1.0,-0.1,-0.5,2015.0,Rushing
179.0,David Johnson,LAC,RB,16.0,2.0,4.0,2.0,0.0,2.0,1.0,4.0,0.0,1.0,1.0,-0.1,-1.2,2015.0,Rushing
180.0,Isaiah Pead,PIT,RB,2.0,2.0,3.0,1.5,0.0,0.0,0.0,0.0,0.0,1.0,1.0,-0.8,-1.7,2015.0,Rushing
181.0,Marcus Murphy,NO,RB,13.0,1.0,0.0,0.0,0.0,0.0,0.0,0.0,0.0,3.0,1.0,-0.2,-2.0,2015.0,Rushing
181.0,Raheem Mostert,CLE,RB,11.0,0.0,0.0,0.0,0.0,0.0,0.0,0.0,0.0,2.0,1.0,-0.2,-2.0,2015.0,Rushing
183.0,Glenn Winston,CLE,RB,3.0,1.0,-8.0,-8.0,0.0,0.0,0.0,0.0,0.0,1.0,1.0,-0.9,-2.8,2015.0,Rushing
184.0,Marcus Thigpen,BUF,RB,9.0,1.0,-1.0,-1.0,0.0,0.0,0.0,0.0,0.0,3.0,2.0,-0.5,-4.1,2015.0,Rushing
